SIGLA,RAMO,Créditos,CICLO,CRR,CÓDIGO BANNER,BLOQUE ACADÉMICO,TRACK/ÁREA,N° VERSIONES,RESOLUCIÓN ÚLTIMA,VERSIÓN,PERIODO DE VIGENCIA,SUB-ÁREA,TIPO CURSO,TIPO OPTATIVIDAD,Alumnos del programa 2012,Alumnos que aprobaron el curso 2012,Alumnos que falta por aprobar 2012,Alumnos del programa 2013,Alumnos que aprobaron el curso 2013,Alumnos que falta por aprobar 2013,Alumnos del programa 2014,Alumnos que aprobaron el curso 2014,Alumnos que falta por aprobar 2014,Alumnos del programa 2015,Alumnos que aprobaron el curso 2015,Alumnos que falta por aprobar 2015,Alumnos del programa 2016,Alumnos que aprobaron el curso 2016,Alumnos que falta por aprobar 2016,Alumnos del programa 2017,Alumnos que aprobaron el curso 2017,Alumnos que falta por aprobar 2017,Alumnos del programa 2018,Alumnos que aprobaron el curso 2018,Alumnos que falta por aprobar 2018,201520,201522,201620,201622,201720,201722,201820,201822,201520,201522,201620,201622,201720,201722,201820,201822,SEMESTRE
IIC1253,Matemáticas Discretas,10,1,CRR2013,M102,Major en Computación e Ingeniería de Software,No aplica,2,119/2016,Vs.01,201320,No aplica,Mínimo,No aplica,57,55,2,54,49,5,41,38,3,0,0,0,0,0,0,0,0,0,152,142,10,95,79,118,79,133,110,150,192,1,1,1,1,1,1,1,2,4
IIC2233,Programación Avanzada,10,1,CRR2013,M102,Major en Computación e Ingeniería de Software,No aplica,2,119/2016,Vs.01,201320,No aplica,Mínimo,No aplica,57,56,1,54,54,0,41,39,2,0,0,0,0,0,0,0,0,0,152,149,3,53,117,110,137,143,160,223,288,2,2,2,3,3,3,4,3,4
IIC2133,Estructuras de Datos y Algoritmos,10,1,CRR2013,M102,Major en Computación e Ingeniería de Software,No aplica,2,119/2016,Vs.01,201320,No aplica,Mínimo,No aplica,57,48,9,54,38,16,41,20,21,0,0,0,0,0,0,0,0,0,152,106,46,38,32,42,84,80,75,95,125,1,1,1,1,1,1,1,1,7
IIC2143,Ingeniería de Software,10,1,CRR2013,M102,Major en Computación e Ingeniería de Software,No aplica,2,119/2016,Vs.01,201320,No aplica,Mínimo,No aplica,57,54,3,54,49,5,41,33,8,0,0,0,0,0,0,0,0,0,152,136,16,32,48,49,58,74,97,112,131,1,1,1,1,1,1,2,2,7
IIC2343,Arquitectura de Computadores,10,1,CRR2013,M102,Major en Computación e Ingeniería de Software,No aplica,2,119/2016,Vs.01,201320,No aplica,Mínimo,No aplica,57,56,1,54,49,5,41,35,6,0,0,0,0,0,0,0,0,0,152,140,12,59,50,64,75,104,86,57,100,1,1,1,1,1,1,1,1,5
IIC2713,Sistemas de Información,10,1,CRR2013,M102,Major en Computación e Ingeniería de Software,No aplica,2,119/2016,Vs.01,201320,No aplica,Mínimo,No aplica,57,56,1,54,52,2,41,36,5,0,0,0,0,0,0,0,0,0,152,144,8,80,90,115,171,191,206,180,190,2,1,2,2,3,3,2,2,6
IIC2413,Bases de Datos,10,1,CRR2013,M102,Major en Computación e Ingeniería de Software,No aplica,2,119/2016,Vs.01,201320,No aplica,Mínimo,No aplica,57,54,3,54,52,2,41,37,4,0,0,0,0,0,0,0,0,0,152,143,9,57,58,72,66,93,78,110,116,1,1,1,1,1,1,1,1,6
IIC2333,Sistemas Operativos y Redes,10,1,CRR2013,M102,Major en Computación e Ingeniería de Software,No aplica,2,119/2016,Vs.01,201320,No aplica,Mínimo,No aplica,57,52,5,54,45,9,41,24,17,0,0,0,0,0,0,0,0,0,152,121,31,50,49,40,41,80,58,77,53,1,1,1,1,1,1,1,1,6
IIC2613,Inteligencia Artificial,10,1,CRR2013,M102,Major en Computación e Ingeniería de Software,No aplica,2,119/2016,Vs.01,201320,No aplica,Mínimo,No aplica,57,46,11,54,40,14,41,18,23,0,0,0,0,0,0,0,0,0,152,104,48,0,27,0,66,0,95,50,73,0,1,0,1,0,1,1,1,8
IIC2154,Proyecto de Especialidad ,10,1,CRR2013,M102,Major en Computación e Ingeniería de Software,No aplica,2,119/2016,Vs.01,201320,No aplica,Mínimo,No aplica,57,47,10,54,27,27,41,1,40,0,0,0,0,0,0,0,0,0,152,75,77,19,27,45,49,52,43,65,55,1,1,1,1,1,1,1,1,8
IIC1253,Matemáticas Discretas,10,1,CRR2013,M133,Major en Computación e Ingeniería de Software - Track Computación,Track Computación,2,119/2016,Vs.02,201320,No aplica,Mínimo,No aplica,2,1,1,17,17,0,16,9,7,76,43,33,45,0,45,0,0,0,156,70,86,95,79,118,79,133,110,150,192,1,1,1,1,1,1,1,2,5
IIC2233,Programación Avanzada,10,1,CRR2013,M133,Major en Computación e Ingeniería de Software - Track Computación,Track Computación,2,119/2016,Vs.02,201320,No aplica,Mínimo,No aplica,2,2,0,17,17,0,16,15,1,76,67,9,45,4,41,0,0,0,156,105,51,53,117,110,137,143,160,223,288,2,2,2,3,3,3,4,3,4
IIC2133,Estructuras de Datos y Algoritmos,10,1,CRR2013,M133,Major en Computación e Ingeniería de Software - Track Computación,Track Computación,2,119/2016,Vs.02,201320,No aplica,Mínimo,No aplica,2,0,2,17,12,5,16,4,12,76,3,73,45,0,45,0,0,0,156,19,137,38,32,42,84,80,75,95,125,1,1,1,1,1,1,1,1,5
IIC2143,Ingeniería de Software,10,1,CRR2013,M133,Major en Computación e Ingeniería de Software - Track Computación,Track Computación,2,119/2016,Vs.02,201320,No aplica,Mínimo,No aplica,2,1,1,17,14,3,16,9,7,76,22,54,45,0,45,0,0,0,156,46,110,32,48,49,58,74,97,112,131,1,1,1,1,1,1,2,2,6
IIC2413,Bases de Datos,10,1,CRR2013,M133,Major en Computación e Ingeniería de Software - Track Computación,Track Computación,2,119/2016,Vs.02,201320,No aplica,Mínimo,No aplica,2,2,0,17,16,1,16,11,5,76,31,45,45,0,45,0,0,0,156,60,96,57,58,72,66,93,78,110,116,1,1,1,1,1,1,1,1,7
IIC2513,Tecnologías y Aplicaciones Web,10,1,CRR2013,M133,Major en Computación e Ingeniería de Software - Track Computación,Track Computación,2,119/2016,Vs.02,201320,No aplica,Mínimo,No aplica,2,1,1,17,12,5,16,2,14,76,1,75,45,0,45,0,0,0,156,16,140,27,26,35,22,47,38,67,65,1,1,1,1,1,1,1,1,7
IIC2154,Proyecto de Especialidad ,10,1,CRR2013,M133,Major en Computación e Ingeniería de Software - Track Computación,Track Computación,2,119/2016,Vs.02,201320,No aplica,Mínimo,No aplica,2,0,2,17,5,12,16,0,16,76,1,75,45,0,45,0,0,0,156,6,150,19,27,45,49,52,43,65,55,1,1,1,1,1,1,1,1,8
IIC2343,Arquitectura de Computadores,10,1,CRR2013,M133,Major en Computación e Ingeniería de Software - Track Computación,Track Computación,2,119/2016,Vs.02,201320,No aplica,Mínimo,No aplica,2,2,0,17,15,2,16,11,5,76,13,63,45,0,45,0,0,0,156,41,115,59,50,64,75,104,86,57,100,1,1,1,1,1,1,1,1,6
IIC2333,Sistemas Operativos y Redes,10,1,CRR2013,M133,Major en Computación e Ingeniería de Software - Track Computación,Track Computación,2,119/2016,Vs.02,201320,No aplica,Mínimo,No aplica,2,0,2,17,10,7,16,3,13,76,5,71,45,0,45,0,0,0,156,18,138,50,49,40,41,80,58,77,53,1,1,1,1,1,1,1,1,7
IIC2613,Inteligencia Artificial,10,1,CRR2013,M133,Major en Computación e Ingeniería de Software - Track Computación,Track Computación,2,119/2016,Vs.02,201320,No aplica,Mínimo,No aplica,2,0,2,17,11,6,16,7,9,76,4,72,45,0,45,0,0,0,156,22,134,0,27,0,66,0,95,50,73,0,1,0,1,0,1,1,1,6
IIC1253,Matemáticas Discretas,10,1,CRR2013,M137,Major en Computación e Ingeniería de Software - Track Ingeniería de Software,Track Ingeniería de Software,2,119/2016,Vs.02,201320,No aplica,Mínimo,No aplica,4,3,1,7,4,3,14,6,8,11,4,7,35,0,35,0,0,0,71,17,54,95,79,118,79,133,110,150,192,1,1,1,1,1,1,1,2,5
IIC2233,Programación Avanzada,10,1,CRR2013,M137,Major en Computación e Ingeniería de Software - Track Ingeniería de Software,Track Ingeniería de Software,2,119/2016,Vs.02,201320,No aplica,Mínimo,No aplica,4,3,1,7,6,1,14,13,1,11,8,3,35,5,30,0,0,0,71,35,36,53,117,110,137,143,160,223,288,2,2,2,3,3,3,4,3,4
IIC2133,Estructuras de Datos y Algoritmos,10,1,CRR2013,M137,Major en Computación e Ingeniería de Software - Track Ingeniería de Software,Track Ingeniería de Software,2,119/2016,Vs.02,201320,No aplica,Mínimo,No aplica,4,2,2,7,3,4,14,1,13,11,0,11,35,0,35,0,0,0,71,6,65,38,32,42,84,80,75,95,125,1,1,1,1,1,1,1,1,5
IIC2143,Ingeniería de Software,10,1,CRR2013,M137,Major en Computación e Ingeniería de Software - Track Ingeniería de Software,Track Ingeniería de Software,2,119/2016,Vs.02,201320,No aplica,Mínimo,No aplica,4,3,1,7,5,2,14,12,2,11,4,7,35,0,35,0,0,0,71,24,47,32,48,49,58,74,97,112,131,1,1,1,1,1,1,2,2,6
IIC2413,Bases de Datos,10,1,CRR2013,M137,Major en Computación e Ingeniería de Software - Track Ingeniería de Software,Track Ingeniería de Software,2,119/2016,Vs.02,201320,No aplica,Mínimo,No aplica,4,3,1,7,5,2,14,12,2,11,3,8,35,0,35,0,0,0,71,23,48,57,58,72,66,93,78,110,116,1,1,1,1,1,1,1,1,7
IIC2513,Tecnologías y Aplicaciones Web,10,1,CRR2013,M137,Major en Computación e Ingeniería de Software - Track Ingeniería de Software,Track Ingeniería de Software,2,119/2016,Vs.02,201320,No aplica,Mínimo,No aplica,4,3,1,7,1,6,14,3,11,11,0,11,35,0,35,0,0,0,71,7,64,27,26,35,22,47,38,67,65,1,1,1,1,1,1,1,1,7
IIC2154,Proyecto de Especialidad ,10,1,CRR2013,M137,Major en Computación e Ingeniería de Software - Track Ingeniería de Software,Track Ingeniería de Software,2,119/2016,Vs.02,201320,No aplica,Mínimo,No aplica,4,2,2,7,2,5,14,0,14,11,0,11,35,0,35,0,0,0,71,4,67,19,27,45,49,52,43,65,55,1,1,1,1,1,1,1,1,8
IIC2713,Sistemas de Información,10,1,CRR2013,M137,Major en Computación e Ingeniería de Software - Track Ingeniería de Software,Track Ingeniería de Software,2,119/2016,Vs.02,201320,No aplica,Mínimo,No aplica,4,4,0,7,5,2,14,11,3,11,2,9,35,0,35,0,0,0,71,22,49,80,90,115,171,191,206,180,190,2,1,2,2,3,3,2,2,6
IIC2113,Diseño Detallado de Software,10,1,CRR2013,M137,Major en Computación e Ingeniería de Software - Track Ingeniería de Software,Track Ingeniería de Software,2,119/2016,Vs.02,201320,No aplica,Mínimo,No aplica,4,2,2,7,0,7,14,0,14,11,0,11,35,0,35,0,0,0,71,2,69,0,26,0,20,0,27,0,71,0,1,0,1,0,1,0,1,7
IIC2173,Arquitectura de Sistemas de Software,10,1,CRR2013,M137,Major en Computación e Ingeniería de Software - Track Ingeniería de Software,Track Ingeniería de Software,2,119/2016,Vs.02,201320,No aplica,Mínimo,No aplica,4,2,2,7,1,6,14,0,14,11,0,11,35,0,35,0,0,0,71,3,68,0,21,0,21,0,27,0,60,0,1,0,1,0,1,0,1,7
IIC1253,Matemáticas Discretas,10,1,CRR2013,M138,Major en Computación e Ingeniería de Software - Track Tecnologías de la Información,Track Tecnologías de la Información,2,119/2016,Vs.02,201320,No aplica,Mínimo,No aplica,1,1,0,3,0,3,12,3,9,9,3,6,25,0,25,0,0,0,50,7,43,95,79,118,79,133,110,150,192,1,1,1,1,1,1,1,2,5
IIC2233,Programación Avanzada,10,1,CRR2013,M138,Major en Computación e Ingeniería de Software - Track Tecnologías de la Información,Track Tecnologías de la Información,2,119/2016,Vs.02,201320,No aplica,Mínimo,No aplica,1,1,0,3,3,0,12,11,1,9,5,4,25,3,22,0,0,0,50,23,27,53,117,110,137,143,160,223,288,2,2,2,3,3,3,4,3,4
IIC2133,Estructuras de Datos y Algoritmos,10,1,CRR2013,M138,Major en Computación e Ingeniería de Software - Track Tecnologías de la Información,Track Tecnologías de la Información,2,119/2016,Vs.02,201320,No aplica,Mínimo,No aplica,1,1,0,3,0,3,12,2,10,9,0,9,25,0,25,0,0,0,50,3,47,38,32,42,84,80,75,95,125,1,1,1,1,1,1,1,1,5
IIC2143,Ingeniería de Software,10,1,CRR2013,M138,Major en Computación e Ingeniería de Software - Track Tecnologías de la Información,Track Tecnologías de la Información,2,119/2016,Vs.02,201320,No aplica,Mínimo,No aplica,1,1,0,3,1,2,12,4,8,9,2,7,25,0,25,0,0,0,50,8,42,32,48,49,58,74,97,112,131,1,1,1,1,1,1,2,2,6
IIC2413,Bases de Datos,10,1,CRR2013,M138,Major en Computación e Ingeniería de Software - Track Tecnologías de la Información,Track Tecnologías de la Información,2,119/2016,Vs.02,201320,No aplica,Mínimo,No aplica,1,1,0,3,2,1,12,6,6,9,3,6,25,0,25,0,0,0,50,12,38,57,58,72,66,93,78,110,116,1,1,1,1,1,1,1,1,7
IIC2513,Tecnologías y Aplicaciones Web,10,1,CRR2013,M138,Major en Computación e Ingeniería de Software - Track Tecnologías de la Información,Track Tecnologías de la Información,2,119/2016,Vs.02,201320,No aplica,Mínimo,No aplica,1,1,0,3,0,3,12,3,9,9,1,8,25,0,25,0,0,0,50,5,45,27,26,35,22,47,38,67,65,1,1,1,1,1,1,1,1,7
IIC2154,Proyecto de Especialidad ,10,1,CRR2013,M138,Major en Computación e Ingeniería de Software - Track Tecnologías de la Información,Track Tecnologías de la Información,2,119/2016,Vs.02,201320,No aplica,Mínimo,No aplica,1,0,1,3,0,3,12,0,12,9,1,8,25,0,25,0,0,0,50,1,49,19,27,45,49,52,43,65,55,1,1,1,1,1,1,1,1,8
IIC2713,Sistemas de Información,10,1,CRR2013,M138,Major en Computación e Ingeniería de Software - Track Tecnologías de la Información,Track Tecnologías de la Información,2,119/2016,Vs.02,201320,No aplica,Mínimo,No aplica,1,1,0,3,3,0,12,10,2,9,5,4,25,0,25,0,0,0,50,19,31,80,90,115,171,191,206,180,190,2,1,2,2,3,3,2,2,6
IIC2733,Modelos de Procesos,10,1,CRR2013,M138,Major en Computación e Ingeniería de Software - Track Tecnologías de la Información,Track Tecnologías de la Información,2,119/2016,Vs.02,201320,No aplica,Mínimo,No aplica,1,0,1,3,1,2,12,5,7,9,0,9,25,0,25,0,0,0,50,6,44,27,17,22,0,31,18,40,39,1,1,1,0,1,1,1,1,7
IIC2764,"Conocimiento, Cultura y Tecnología ",10,1,CRR2013,M138,Major en Computación e Ingeniería de Software - Track Tecnologías de la Información,Track Tecnologías de la Información,2,119/2016,Vs.02,201320,No aplica,Mínimo,No aplica,1,1,0,3,0,3,12,1,11,9,1,8,25,0,25,0,0,0,50,3,47,0,43,0,34,0,49,0,86,0,1,0,1,0,1,0,1,6
IIC2233,Programación Avanzada,10,1,CRR2013,M132,"Major en Ingeniería, Diseño e Innovación - Track en Ingeniería",Track Ingeniería,1,134/2016,Vs.01,201320,Área Tecnologías de la Información y Computación,Mínimo,Cursar 20 de un área de lista 1,28,11,17,19,9,10,22,6,16,26,3,23,21,0,21,0,0,0,116,29,87,53,117,110,137,143,160,223,288,2,2,2,3,3,3,4,3,8-Jul
IIC2143,Ingeniería de Software,10,1,CRR2013,M132,"Major en Ingeniería, Diseño e Innovación - Track en Ingeniería",Track Ingeniería,1,134/2016,Vs.01,201320,Área Tecnologías de la Información y Computación,Mínimo,Cursar 20 de un área de lista 1,28,10,18,19,5,14,22,1,21,26,0,26,21,0,21,0,0,0,116,16,100,32,48,49,58,74,97,112,131,1,1,1,1,1,1,2,2,8-Jul
IIC2233,Programación Avanzada,10,1,CRR2013,M127,"Major en Ingeniería, Diseño e Innovación - Track Ingeniería y Diseño",Track Ingeniería y Diseño,1,134/2016,Vs.01,201320,No aplica,Optativo,Elegir 10 entre Lista 1,11,2,9,9,2,7,11,3,8,11,1,10,7,0,7,0,0,0,49,8,41,53,117,110,137,143,160,223,288,2,2,2,3,3,3,4,3,8-Jul
IIC1253,Matemáticas Discretas,10,1,CRR2013,M713,Major en Investigación Operativa,No aplica,2,124/2016,Vs.01,201320,No aplica,Optativo,Elegir 30 entre lista 3,182,38,144,0,0,0,0,0,0,0,0,0,0,0,0,0,0,0,182,38,144,95,79,118,79,133,110,150,192,1,1,1,1,1,1,1,2,6/7/2008
IIC2713,Sistemas de Información,10,1,CRR2013,M713,Major en Investigación Operativa,No aplica,2,124/2016,Vs.01,201320,No aplica,Optativo,Elegir 30 entre lista 3,182,174,8,0,0,0,0,0,0,0,0,0,0,0,0,0,0,0,182,174,8,80,90,115,171,191,206,180,190,2,1,2,2,3,3,2,2,6/7/2008
IIC1253,Matemáticas Discretas,10,1,CRR2013,M109,Major en Investigación Operativa,No aplica,2,124/2016,Vs.02,201320,No aplica,Optativo,Elegir 20 entre lista 3,23,4,19,262,48,214,241,39,202,224,9,215,245,0,245,0,0,0,995,100,895,95,79,118,79,133,110,150,192,1,1,1,1,1,1,1,2,8-Jul
IIC2713,Sistemas de Información,10,1,CRR2013,M109,Major en Investigación Operativa,No aplica,2,124/2016,Vs.02,201320,No aplica,Optativo,Elegir 20 entre lista 3,23,22,1,262,222,40,241,178,63,224,37,187,245,1,244,0,0,0,995,460,535,80,90,115,171,191,206,180,190,2,1,2,2,3,3,2,2,8-Jul
IIC2233,Programación Avanzada,10,1,CRR2013,M738,Major en Sistemas Autónomos y Robóticos,No aplica,1,111/2012,Vs.01,201320,No aplica,Mínimo,No aplica,22,20,2,9,7,2,11,10,1,19,6,13,11,0,11,0,0,0,72,43,29,53,117,110,137,143,160,223,288,2,2,2,3,3,3,4,3,5
IIC2613,Inteligencia Artificial,10,1,CRR2013,M738,Major en Sistemas Autónomos y Robóticos,No aplica,1,111/2012,Vs.01,201320,No aplica,Optativo,Elegir 10 entre Lista 2,22,3,19,9,2,7,11,4,7,19,0,19,11,0,11,0,0,0,72,9,63,0,27,0,66,0,95,50,73,0,1,0,1,0,1,1,1,7
IIC1253,Matemáticas Discretas,10,1,CRR2013,M738,Major en Sistemas Autónomos y Robóticos,No aplica,1,111/2012,Vs.01,201320,No aplica,Optativo,Elegir 10 entre lista 3,22,6,16,9,4,5,11,2,9,19,1,18,11,0,11,0,0,0,72,13,59,95,79,118,79,133,110,150,192,1,1,1,1,1,1,1,2,7
IIC2685,Robótica Móvil ,10,1,CRR2013,M738,Major en Sistemas Autónomos y Robóticos,No aplica,1,111/2012,Vs.01,201320,No aplica,Optativo,Elegir 10 entre lista 4,22,3,19,9,2,7,11,1,10,19,0,19,11,0,11,0,0,0,72,6,66,0,0,12,0,13,0,7,0,0,0,1,0,1,0,1,0,8
IIC1253,Matemáticas Discretas,10,1,CRR2013,M114,Major en Sistemas de Transporte - Área 3: Manejo de Bases de Datos,Área 3: Manejo de Bases de Datos,1,129/2016,Vs.01,201320,No aplica,Optativo,Elegir 20 de un área entre lista 1,1,0,1,3,0,3,1,0,1,3,1,2,2,0,2,0,0,0,10,1,9,95,79,118,79,133,110,150,192,1,1,1,1,1,1,1,2,8-Jul
IIC2133,Estructuras de Datos y Algoritmos,10,1,CRR2013,M114,Major en Sistemas de Transporte - Área 3: Manejo de Bases de Datos,Área 3: Manejo de Bases de Datos,1,129/2016,Vs.01,201320,No aplica,Optativo,Elegir 20 de un área entre lista 1,1,1,0,3,0,3,1,0,1,3,0,3,2,0,2,0,0,0,10,1,9,38,32,42,84,80,75,95,125,1,1,1,1,1,1,1,1,8-Jul
IIC2233,Programación Avanzada,10,1,CRR2013,M114,Major en Sistemas de Transporte - Área 3: Manejo de Bases de Datos,Área 3: Manejo de Bases de Datos,1,129/2016,Vs.01,201320,No aplica,Optativo,Elegir 20 de un área entre lista 1,1,1,0,3,2,1,1,0,1,3,0,3,2,0,2,0,0,0,10,3,7,53,117,110,137,143,160,223,288,2,2,2,3,3,3,4,3,8-Jul
IIC2413,Bases de Datos,10,1,CRR2013,M114,Major en Sistemas de Transporte - Área 3: Manejo de Bases de Datos,Área 3: Manejo de Bases de Datos,1,129/2016,Vs.01,201320,No aplica,Optativo,Elegir 20 de un área entre lista 1,1,1,0,3,1,2,1,0,1,3,0,3,2,0,2,0,0,0,10,2,8,57,58,72,66,93,78,110,116,1,1,1,1,1,1,1,1,8-Jul
IIC2115,Programación Como Herramienta para Ingeniería,10,1,CRR2013,M114,Major en Sistemas de Transporte - Área 3: Manejo de Bases de Datos,Área 3: Manejo de Bases de Datos,1,129/2016,Vs.01,201320,No aplica,Optativo,Elegir 20 de un área entre lista 1,1,0,1,3,0,3,1,1,0,3,0,3,2,0,2,0,0,0,10,1,9,70,54,25,27,52,50,76,97,1,1,1,1,1,1,1,1,8-Jul
IIC1253,Matemáticas Discretas,10,1,CRR2013,M764,Major en Ingeniería Matemática-Track 3: Teoría de la Computación,Track 3: Teoría de la Computación,2,135/2016,Vs.01,201320,No aplica,Optativo,Elegir 30 de un track entre lista 1,5,5,0,2,2,0,0,0,0,0,0,0,0,0,0,0,0,0,7,7,0,95,79,118,79,133,110,150,192,1,1,1,1,1,1,1,2,5/6/2007
IIC2213,Lógica para Ciencias de la Computación,10,1,CRR2013,M764,Major en Ingeniería Matemática-Track 3: Teoría de la Computación,Track 3: Teoría de la Computación,2,135/2016,Vs.01,201320,No aplica,Optativo,"(optativo entre IIC2213 y MAT2415), Elegir 30 de un track entre lista 1",5,5,0,2,1,1,0,0,0,0,0,0,0,0,0,0,0,0,7,6,1,14,6,15,0,28,8,30,0,1,1,1,0,1,1,1,0,5/6/2007
IIC2233,Programación Avanzada,10,1,CRR2013,M764,Major en Ingeniería Matemática-Track 3: Teoría de la Computación,Track 3: Teoría de la Computación,2,135/2016,Vs.01,201320,No aplica,Optativo,Elegir 30 de un track entre lista 1,5,4,1,2,2,0,0,0,0,0,0,0,0,0,0,0,0,0,7,6,1,53,117,110,137,143,160,223,288,2,2,2,3,3,3,4,3,5/6/2007
IIC2223,Teoría de Autómatas y Lenguajes Formales,10,1,CRR2013,M764,Major en Ingeniería Matemática-Track 3: Teoría de la Computación,Track 3: Teoría de la Computación,2,135/2016,Vs.01,201320,No aplica,Optativo,Elegir 30 de un track entre lista 1,5,5,0,2,0,2,0,0,0,0,0,0,0,0,0,0,0,0,7,5,2,0,15,0,20,0,24,0,46,0,1,0,1,0,1,0,1,6
IIC3242,Complejidad Computacional,10,1,CRR2013,M764,Major en Ingeniería Matemática-Track 3: Teoría de la Computación,Track 3: Teoría de la Computación,2,135/2016,Vs.01,201320,No aplica,Optativo,Elegir 30 de un track entre lista 1,5,3,2,2,0,2,0,0,0,0,0,0,0,0,0,0,0,0,7,3,4,0,0,11,0,8,0,7,0,0,0,1,0,1,0,1,0,7-May
IIC3263,Teoría de Modelos Finitos,10,1,CRR2013,M764,Major en Ingeniería Matemática-Track 3: Teoría de la Computación,Track 3: Teoría de la Computación,2,135/2016,Vs.01,201320,No aplica,Optativo,Elegir 30 de un track entre lista 1,5,1,4,2,0,2,0,0,0,0,0,0,0,0,0,0,0,0,7,1,6,5,0,0,0,0,9,0,0,1,0,0,0,0,1,0,0,6
IIC2133,Estructuras de Datos y Algoritmos,10,1,CRR2013,M764,Major en Ingeniería Matemática-Track 3: Teoría de la Computación,Track 3: Teoría de la Computación,2,135/2016,Vs.01,201320,No aplica,Optativo,Elegir 30 de un track entre lista 1,5,1,4,2,1,1,0,0,0,0,0,0,0,0,0,0,0,0,7,2,5,38,32,42,84,80,75,95,125,1,1,1,1,1,1,1,1,5/6/2007
IIC3810,Tópicos Avanzados en Teoría de la Computación,10,1,CRR2013,M764,Major en Ingeniería Matemática-Track 3: Teoría de la Computación,Track 3: Teoría de la Computación,2,135/2016,Vs.01,201320,No aplica,Optativo,Elegir 30 de un track entre lista 1,5,4,1,2,0,2,0,0,0,0,0,0,0,0,0,0,0,0,7,4,3,0,0,13,0,8,0,5,0,0,0,1,0,1,0,1,0,7-May
IIC2233,Programación Avanzada,10,1,CRR2013,M129,Major en Ingeniería Matemática - Track 1: Fundamentos de Optimización,Track 1: Fundamentos de Optimización,2,135/2016,Vs.02,201320,No aplica,Mínimo,No aplica,0,0,0,1,1,0,4,1,3,4,1,3,5,0,5,0,0,0,14,3,11,53,117,110,137,143,160,223,288,2,2,2,3,3,3,4,3,6
IIC2233,Programación Avanzada,10,1,CRR2013,M130,Major en Ingeniería Matemática - Track 2: Fundamentos de Análisis Numérico,Track 2: Fundamentos de Análisis Numérico,2,135/2016,Vs.02,201320,No aplica,Mínimo,No aplica,0,0,0,1,1,0,5,4,1,6,1,5,7,0,7,0,0,0,19,6,13,53,117,110,137,143,160,223,288,2,2,2,3,3,3,4,3,6
IIC2233,Programación Avanzada,10,1,CRR2013,M131,Major en Ingeniería Matemática - Track 3: Cuantificación de Incertidumbre,Track 3: Cuantificación de Incertidumbre,2,135/2016,Vs.02,201320,No aplica,Mínimo,No aplica,0,0,0,2,1,1,5,3,2,2,0,2,1,0,1,0,0,0,10,4,6,53,117,110,137,143,160,223,288,2,2,2,3,3,3,4,3,6
IIC2233,Programación Avanzada,10,1,CRR2013,M135,Major en Ingeniería Matemática - Track 4: Teoría de la Computación,Track 4: Teoría de la Computación,2,135/2016,Vs.02,201320,No aplica,Mínimo,No aplica,0,0,0,1,1,0,1,1,0,0,0,0,1,0,1,0,0,0,3,2,1,53,117,110,137,143,160,223,288,2,2,2,3,3,3,4,3,6
IIC2133,Estructuras de Datos y Algoritmos,10,1,CRR2013,M135,Major en Ingeniería Matemática - Track 4: Teoría de la Computación,Track 4: Teoría de la Computación,2,135/2016,Vs.02,201320,No aplica,Mínimo,No aplica,0,0,0,1,1,0,1,1,0,0,0,0,1,0,1,0,0,0,3,2,1,38,32,42,84,80,75,95,125,1,1,1,1,1,1,1,1,5/7/2008
IIC2213,Lógica para Ciencias de la Computación,10,1,CRR2013,M135,Major en Ingeniería Matemática - Track 4: Teoría de la Computación,Track 4: Teoría de la Computación,2,135/2016,Vs.02,201320,No aplica,Optativo,Elegir 20 entre Lista 1,0,0,0,1,1,0,1,0,1,0,0,0,1,0,1,0,0,0,3,1,2,14,6,15,0,28,8,30,0,1,1,1,0,1,1,1,0,5/7/2008
IIC2223,Teoría de Autómatas y Lenguajes Formales,10,1,CRR2013,M135,Major en Ingeniería Matemática - Track 4: Teoría de la Computación,Track 4: Teoría de la Computación,2,135/2016,Vs.02,201320,No aplica,Optativo,Elegir 20 entre Lista 1,0,0,0,1,1,0,1,0,1,0,0,0,1,0,1,0,0,0,3,1,2,0,15,0,20,0,24,0,46,0,1,0,1,0,1,0,1,8
IIC2283,Diseño y Análisis de Algoritmos,10,1,CRR2013,M135,Major en Ingeniería Matemática - Track 4: Teoría de la Computación,Track 4: Teoría de la Computación,2,135/2016,Vs.02,201320,No aplica,Optativo,Elegir 20 entre Lista 1,0,0,0,1,0,1,1,0,1,0,0,0,1,0,1,0,0,0,3,0,3,0,13,0,19,0,27,0,28,0,1,0,1,0,1,0,1,8
IIC2233,Programación Avanzada,10,1,CRR2013,M074,Major en Ingeniería Matemática - Track 5: Data Science,Track 5: Data Science,2,135/2016,Vs.02,201320,No aplica,Mínimo,No aplica,0,0,0,3,3,0,4,2,2,7,5,2,4,0,4,0,0,0,18,10,8,53,117,110,137,143,160,223,288,2,2,2,3,3,3,4,3,6
IIC2413,Bases de Datos,10,1,CRR2013,M074,Major en Ingeniería Matemática - Track 5: Data Science,Track 5: Data Science,2,135/2016,Vs.02,201320,No aplica,Mínimo,No aplica,0,0,0,3,3,0,4,1,3,7,0,7,4,0,4,0,0,0,18,4,14,57,58,72,66,93,78,110,116,1,1,1,1,1,1,1,1,5/7/2008
IIC2613,Inteligencia Artificial,10,1,CRR2013,M074,Major en Ingeniería Matemática - Track 5: Data Science,Track 5: Data Science,2,135/2016,Vs.02,201320,No aplica,Optativo,Elegir 10 entre Lista 1,0,0,0,3,2,1,4,0,4,7,0,7,4,0,4,0,0,0,18,2,16,0,27,0,66,0,95,50,73,0,1,0,1,0,1,1,1,5/7/2008
IIC2433,Minería de Datos,10,1,CRR2013,M074,Major en Ingeniería Matemática - Track 5: Data Science,Track 5: Data Science,2,135/2016,Vs.02,201320,No aplica,Optativo,Elegir 10 entre Lista 1,0,0,0,3,1,2,4,1,3,7,0,7,4,0,4,0,0,0,18,2,16,0,11,0,14,0,24,0,31,0,1,0,1,0,1,0,1,8
IIC2213,Lógica para Ciencias de la Computación,10,1,CRR2013,N770,Minor de Profundidad en Fundamentos Científicos y Tecnológicos de la Computación,No aplica,2,138/2016,Vs.01,201320,No aplica,Mínimo,No aplica,15,12,3,17,10,7,13,3,10,0,0,0,0,0,0,0,0,0,45,25,20,14,6,15,0,28,8,30,0,1,1,1,0,1,1,1,0,6/7/2008
IIC2223,Teoría de Autómatas y Lenguajes Formales,10,1,CRR2013,N770,Minor de Profundidad en Fundamentos Científicos y Tecnológicos de la Computación,No aplica,2,138/2016,Vs.01,201320,No aplica,Mínimo,No aplica,15,9,6,17,9,8,13,3,10,0,0,0,0,0,0,0,0,0,45,21,24,0,15,0,20,0,24,0,46,0,1,0,1,0,1,0,1,8-Jun
IIC2283,Diseño y Análisis de Algoritmos,10,1,CRR2013,N770,Minor de Profundidad en Fundamentos Científicos y Tecnológicos de la Computación,No aplica,2,138/2016,Vs.01,201320,No aplica,Mínimo,No aplica,15,9,6,17,7,10,13,0,13,0,0,0,0,0,0,0,0,0,45,16,29,0,13,0,19,0,27,0,28,0,1,0,1,0,1,0,1,8-Jun
IIC2513,Tecnologías y Aplicaciones Web,10,1,CRR2013,N770,Minor de Profundidad en Fundamentos Científicos y Tecnológicos de la Computación,No aplica,2,138/2016,Vs.01,201320,No aplica,Mínimo,No aplica,15,13,2,17,15,2,13,5,8,0,0,0,0,0,0,0,0,0,45,33,12,27,26,35,22,47,38,67,65,1,1,1,1,1,1,1,1,6/7/2008
IIC2523,Sistemas Distribuidos,10,1,CRR2013,N770,Minor de Profundidad en Fundamentos Científicos y Tecnológicos de la Computación,No aplica,2,138/2016,Vs.01,201320,No aplica,Mínimo,No aplica,15,11,4,17,9,8,13,0,13,0,0,0,0,0,0,0,0,0,45,20,25,0,12,0,21,0,26,0,32,0,1,0,1,0,1,0,1,8-Jun
IIC2213,Lógica para Ciencias de la Computación,10,1,CRR2013,N160,Minor de Profundidad en Fundamentos Científicos y Tecnológicos de la Computación,No aplica,2,138/2016,Vs.02,201320,No aplica,Mínimo,No aplica,1,0,1,1,0,1,3,0,3,13,0,13,0,0,0,0,0,0,18,0,18,14,6,15,0,28,8,30,0,1,1,1,0,1,1,1,0,6/7/2008
IIC2223,Teoría de Autómatas y Lenguajes Formales,10,1,CRR2013,N160,Minor de Profundidad en Fundamentos Científicos y Tecnológicos de la Computación,No aplica,2,138/2016,Vs.02,201320,No aplica,Mínimo,No aplica,1,0,1,1,0,1,3,0,3,13,0,13,0,0,0,0,0,0,18,0,18,0,15,0,20,0,24,0,46,0,1,0,1,0,1,0,1,8-Jun
IIC2283,Diseño y Análisis de Algoritmos,10,1,CRR2013,N160,Minor de Profundidad en Fundamentos Científicos y Tecnológicos de la Computación,No aplica,2,138/2016,Vs.02,201320,No aplica,Mínimo,No aplica,1,0,1,1,0,1,3,0,3,13,0,13,0,0,0,0,0,0,18,0,18,0,13,0,19,0,27,0,28,0,1,0,1,0,1,0,1,8-Jun
IIC2523,Sistemas Distribuidos,10,1,CRR2013,N160,Minor de Profundidad en Fundamentos Científicos y Tecnológicos de la Computación,No aplica,2,138/2016,Vs.02,201320,No aplica,Mínimo,No aplica,1,0,1,1,0,1,3,0,3,13,0,13,0,0,0,0,0,0,18,0,18,0,12,0,21,0,26,0,32,0,1,0,1,0,1,0,1,8-Jun
IIC2333,Sistemas Operativos y Redes,10,1,CRR2013,N160,Minor de Profundidad en Fundamentos Científicos y Tecnológicos de la Computación,No aplica,2,138/2016,Vs.02,201320,No aplica,Optativo,Elegir 10 entre Lista 1,1,0,1,1,0,1,3,0,3,13,1,12,0,0,0,0,0,0,18,1,17,50,49,40,41,80,58,77,53,1,1,1,1,1,1,1,1,6/7/2008
IIC2343,Arquitectura de Computadores,10,1,CRR2013,N160,Minor de Profundidad en Fundamentos Científicos y Tecnológicos de la Computación,No aplica,2,138/2016,Vs.02,201320,No aplica,Optativo,Elegir 10 entre Lista 1,1,1,0,1,1,0,3,2,1,13,5,8,0,0,0,0,0,0,18,9,9,59,50,64,75,104,86,57,100,1,1,1,1,1,1,1,1,6/7/2008
IIC2613,Inteligencia Artificial,10,1,CRR2013,N160,Minor de Profundidad en Fundamentos Científicos y Tecnológicos de la Computación,No aplica,2,138/2016,Vs.02,201320,No aplica,Optativo,Elegir 10 entre Lista 1,1,0,1,1,1,0,3,0,3,13,1,12,0,0,0,0,0,0,18,2,16,0,27,0,66,0,95,50,73,0,1,0,1,0,1,1,1,6/7/2008
IIC3253,Criptografía y Seguridad Computacional,10,1,CRR2013,N160,Minor de Profundidad en Fundamentos Científicos y Tecnológicos de la Computación,No aplica,2,138/2016,Vs.02,201320,No aplica,Optativo,Elegir 10 entre Lista 1,1,0,1,1,0,1,3,0,3,13,0,13,0,0,0,0,0,0,18,0,18,19,0,16,0,16,0,32,0,1,0,1,0,1,0,1,0,7
IIC2433,Minería de Datos,10,1,CRR2013,N161,Minor de Profundidad en Data Science y Analytics,No aplica,1,139/2016,Vs.01,201320,No aplica,Mínimo,No aplica,1,1,0,15,8,7,10,1,9,28,0,28,0,0,0,0,0,0,54,10,44,0,11,0,14,0,24,0,31,0,1,0,1,0,1,0,1,6/7/2008
IIC2026,Visualización de Información,10,1,CRR2013,N161,Minor de Profundidad en Data Science y Analytics,No aplica,1,139/2016,Vs.01,201320,No aplica,Mínimo,No aplica,1,1,0,15,8,7,10,1,9,28,0,28,0,0,0,0,0,0,54,10,44,0,0,0,0,0,17,0,54,0,0,0,0,0,1,0,1,7
IIC2613,Inteligencia Artificial,10,1,CRR2013,N161,Minor de Profundidad en Data Science y Analytics,No aplica,1,139/2016,Vs.01,201320,No aplica,Mínimo,No aplica,1,1,0,15,12,3,10,7,3,28,1,27,0,0,0,0,0,0,54,21,33,0,27,0,66,0,95,50,73,0,1,0,1,0,1,1,1,7
IIC3757,Minería de Procesos,10,1,CRR2013,N161,Minor de Profundidad en Data Science y Analytics,No aplica,1,139/2016,Vs.01,201320,No aplica,Optativo,Elegir 10 entre lista 1,1,1,0,15,1,14,10,0,10,28,0,28,0,0,0,0,0,0,54,2,52,9,0,16,0,13,0,22,0,1,0,1,0,1,0,1,0,6/7/2008
IIC3695,Tópicos Avanzados en Inteligencia de Máquina,10,1,CRR2013,N161,Minor de Profundidad en Data Science y Analytics,No aplica,1,139/2016,Vs.01,201320,No aplica,Optativo,Elegir 10 entre lista 1,1,0,1,15,3,12,10,0,10,28,0,28,0,0,0,0,0,0,54,3,51,0,0,14,0,31,0,6,0,0,0,1,0,1,0,1,0,8-Jun
IIC3633,Sistemas Recomendadores,10,1,CRR2013,N161,Minor de Profundidad en Data Science y Analytics,No aplica,1,139/2016,Vs.01,201320,No aplica,Optativo,Elegir 10 entre lista 1,1,0,1,15,5,10,10,0,10,28,0,28,0,0,0,0,0,0,54,5,49,0,6,0,23,0,22,0,35,0,1,0,1,0,1,0,1,7
IIC3413,Implementación de Sistemas de Base de Datos,10,1,CRR2013,N161,Minor de Profundidad en Data Science y Analytics,No aplica,1,139/2016,Vs.01,201320,No aplica,Optativo,Elegir 10 entre lista 1,1,0,1,15,1,14,10,0,10,28,0,28,0,0,0,0,0,0,54,1,53,10,0,9,0,12,0,10,0,1,0,1,0,1,0,1,0,8-Jun
IIC3432,Topicos Avanzados en Bases de Datos,10,1,CRR2013,N161,Minor de Profundidad en Data Science y Analytics,No aplica,1,139/2016,Vs.01,201320,No aplica,Optativo,Elegir 10 entre lista 1,1,0,1,15,0,15,10,0,10,28,0,28,0,0,0,0,0,0,54,0,54,0,15,0,0,0,9,0,0,0,1,0,0,0,1,0,0,8-Jun
IIC3423,Big Data,10,1,CRR2013,N161,Minor de Profundidad en Data Science y Analytics,No aplica,1,139/2016,Vs.01,201320,No aplica,Optativo,Elegir 10 entre lista 1,1,0,1,15,3,12,10,1,9,28,0,28,0,0,0,0,0,0,54,4,50,0,0,11,0,0,0,29,0,0,0,1,0,0,0,1,0,8-Jun
IIC3640,Modelos Gráficos Probabilísticos,10,1,CRR2013,N161,Minor de Profundidad en Data Science y Analytics,No aplica,1,139/2016,Vs.01,201320,No aplica,Optativo,Elegir 10 entre lista 1,1,0,1,15,0,15,10,0,10,28,0,28,0,0,0,0,0,0,54,0,54,0,0,0,0,13,0,0,0,0,0,0,0,1,0,0,0,8-Jun
IIC3724,Reconocimiento de Patrones,10,1,CRR2013,N161,Minor de Profundidad en Data Science y Analytics,No aplica,1,139/2016,Vs.01,201320,No aplica,Optativo,Elegir 10 entre lista 1,1,0,1,15,4,11,10,1,9,28,0,28,0,0,0,0,0,0,54,5,49,16,0,27,0,25,0,45,0,1,0,1,0,1,0,1,0,8-Jun
IIC3757,Minería de Procesos,10,1,CRR2013,N161,Minor de Profundidad en Data Science y Analytics,No aplica,1,139/2016,Vs.01,201320,No aplica,Optativo Complementario,Elegir entre lista 1,1,1,0,15,1,14,10,0,10,28,0,28,0,0,0,0,0,0,54,2,52,9,0,16,0,13,0,22,0,1,0,1,0,1,0,1,0,7
IIC3695,Tópicos Avanzados en Inteligencia de Máquina,10,1,CRR2013,N161,Minor de Profundidad en Data Science y Analytics,No aplica,1,139/2016,Vs.01,201320,No aplica,Optativo Complementario,Elegir entre lista 1,1,0,1,15,3,12,10,0,10,28,0,28,0,0,0,0,0,0,54,3,51,0,0,14,0,31,0,6,0,0,0,1,0,1,0,1,0,7
IIC3633,Sistemas Recomendadores,10,1,CRR2013,N161,Minor de Profundidad en Data Science y Analytics,No aplica,1,139/2016,Vs.01,201320,No aplica,Optativo Complementario,Elegir entre lista 1,1,0,1,15,5,10,10,0,10,28,0,28,0,0,0,0,0,0,54,5,49,0,6,0,23,0,22,0,35,0,1,0,1,0,1,0,1,6/7/2008
IIC3413,Implementación de Sistemas de Base de Datos,10,1,CRR2013,N161,Minor de Profundidad en Data Science y Analytics,No aplica,1,139/2016,Vs.01,201320,No aplica,Optativo Complementario,Elegir entre lista 1,1,0,1,15,1,14,10,0,10,28,0,28,0,0,0,0,0,0,54,1,53,10,0,9,0,12,0,10,0,1,0,1,0,1,0,1,0,8-Jun
IIC3432,Topicos Avanzados en Bases de Datos,10,1,CRR2013,N161,Minor de Profundidad en Data Science y Analytics,No aplica,1,139/2016,Vs.01,201320,No aplica,Optativo Complementario,Elegir entre lista 1,1,0,1,15,0,15,10,0,10,28,0,28,0,0,0,0,0,0,54,0,54,0,15,0,0,0,9,0,0,0,1,0,0,0,1,0,0,7
IIC3423,Big Data,10,1,CRR2013,N161,Minor de Profundidad en Data Science y Analytics,No aplica,1,139/2016,Vs.01,201320,No aplica,Optativo Complementario,Elegir entre lista 1,1,0,1,15,3,12,10,1,9,28,0,28,0,0,0,0,0,0,54,4,50,0,0,11,0,0,0,29,0,0,0,1,0,0,0,1,0,8-Jun
IIC3640,Modelos Gráficos Probabilísticos,10,1,CRR2013,N161,Minor de Profundidad en Data Science y Analytics,No aplica,1,139/2016,Vs.01,201320,No aplica,Optativo Complementario,Elegir entre lista 1,1,0,1,15,0,15,10,0,10,28,0,28,0,0,0,0,0,0,54,0,54,0,0,0,0,13,0,0,0,0,0,0,0,1,0,0,0,8-Jun
IIC3724,Reconocimiento de Patrones,10,1,CRR2013,N161,Minor de Profundidad en Data Science y Analytics,No aplica,1,139/2016,Vs.01,201320,No aplica,Optativo Complementario,Elegir entre lista 1,1,0,1,15,4,11,10,1,9,28,0,28,0,0,0,0,0,0,54,5,49,16,0,27,0,25,0,45,0,1,0,1,0,1,0,1,0,8-Jun
IIC2613,Inteligencia Artificial,10,1,CRR2013,N188,Minor de Profundidad en Automatización e Inteligencia Computacional - Área 1: Control y Automatización,Área 1: Control y Automatización,1,161/2016,Vs.01,201320,No aplica,Optativo,Elegir 20 entre lista 1,15,2,13,5,1,4,6,3,3,10,0,10,0,0,0,0,0,0,36,6,30,0,27,0,66,0,95,50,73,0,1,0,1,0,1,1,1,6/7/2008
IIC2133,Estructuras de Datos y Algoritmos,10,1,CRR2013,N189,Minor de Profundidad en Automatización e Inteligencia Computacional - Área 2: Inteligencia Computacional,Área 2: Inteligencia Computacional,1,161/2016,Vs.01,201320,No aplica,Mínimo,No aplica,2,2,0,1,1,0,0,0,0,0,0,0,0,0,0,0,0,0,3,3,0,38,32,42,84,80,75,95,125,1,1,1,1,1,1,1,1,6/7/2008
IIC2143,Ingeniería de Software,10,1,CRR2013,N189,Minor de Profundidad en Automatización e Inteligencia Computacional - Área 2: Inteligencia Computacional,Área 2: Inteligencia Computacional,1,161/2016,Vs.01,201320,No aplica,Mínimo,No aplica,2,2,0,1,1,0,0,0,0,0,0,0,0,0,0,0,0,0,3,3,0,32,48,49,58,74,97,112,131,1,1,1,1,1,1,2,2,6/7/2008
IIC2343,Arquitectura de Computadores,10,1,CRR2013,N189,Minor de Profundidad en Automatización e Inteligencia Computacional - Área 2: Inteligencia Computacional,Área 2: Inteligencia Computacional,1,161/2016,Vs.01,201320,No aplica,Mínimo,No aplica,2,2,0,1,1,0,0,0,0,0,0,0,0,0,0,0,0,0,3,3,0,59,50,64,75,104,86,57,100,1,1,1,1,1,1,1,1,6/7/2008
IIC2223,Teoría de Autómatas y Lenguajes Formales,10,1,CRR2013,N189,Minor de Profundidad en Automatización e Inteligencia Computacional - Área 2: Inteligencia Computacional,Área 2: Inteligencia Computacional,1,161/2016,Vs.01,201320,No aplica,Optativo,Elegir 20 entre lista 1,2,1,1,1,1,0,0,0,0,0,0,0,0,0,0,0,0,0,3,2,1,0,15,0,20,0,24,0,46,0,1,0,1,0,1,0,1,8-Jun
IIC2345,Laboratorio de Arquitectura de Computadores,10,1,CRR2013,N189,Minor de Profundidad en Automatización e Inteligencia Computacional - Área 2: Inteligencia Computacional,Área 2: Inteligencia Computacional,1,161/2016,Vs.01,201320,No aplica,Optativo,Elegir 20 entre lista 1,2,0,2,1,0,1,0,0,0,0,0,0,0,0,0,0,0,0,3,0,3,0,0,5,0,0,0,0,0,0,0,1,0,0,0,0,0,6/7/2008
IIC2613,Inteligencia Artificial,10,1,CRR2013,N189,Minor de Profundidad en Automatización e Inteligencia Computacional - Área 2: Inteligencia Computacional,Área 2: Inteligencia Computacional,1,161/2016,Vs.01,201320,No aplica,Optativo,Elegir 20 entre lista 1,2,1,1,1,1,0,0,0,0,0,0,0,0,0,0,0,0,0,3,2,1,0,27,0,66,0,95,50,73,0,1,0,1,0,1,1,1,6/7/2008
IIC3714,Fundamentos de Procesamiento de Imágenes,10,1,CRR2013,N189,Minor de Profundidad en Automatización e Inteligencia Computacional - Área 2: Inteligencia Computacional,Área 2: Inteligencia Computacional,1,161/2016,Vs.01,201320,No aplica,Optativo,Elegir 20 entre lista 1,2,0,2,1,0,1,0,0,0,0,0,0,0,0,0,0,0,0,3,0,3,0,0,0,0,0,0,0,0,#N/A,#N/A,#N/A,#N/A,#N/A,#N/A,#N/A,#N/A,6/7/2008
IIC3724,Reconocimiento de Patrones,10,1,CRR2013,N189,Minor de Profundidad en Automatización e Inteligencia Computacional - Área 2: Inteligencia Computacional,Área 2: Inteligencia Computacional,1,161/2016,Vs.01,201320,No aplica,Optativo,Elegir 20 entre lista 1,2,2,0,1,1,0,0,0,0,0,0,0,0,0,0,0,0,0,3,3,0,16,0,27,0,25,0,45,0,1,0,1,0,1,0,1,0,7
IIC2283,Diseño y Análisis de Algoritmos,10,1,CRR2013,N189,Minor de Profundidad en Automatización e Inteligencia Computacional - Área 2: Inteligencia Computacional,Área 2: Inteligencia Computacional,1,161/2016,Vs.01,201320,No aplica,Optativo,Elegir 20 entre lista 1,2,1,1,1,0,1,0,0,0,0,0,0,0,0,0,0,0,0,3,1,2,0,13,0,19,0,27,0,28,0,1,0,1,0,1,0,1,8-Jun
IIC1253,Matemáticas Discretas,10,1,CRR2013,N191,Minor de Profundidad Articulación Ingeniería de Transporte - Área 1: Externalidades e Impacto Ambiental,Área 3: Manejo de Bases de Datos,1,164/2016,Vs.01,201320,No aplica,Optativo Complementario,Elegir entre lista 1,2,0,2,1,0,1,0,0,0,0,0,0,0,0,0,0,0,0,3,0,3,95,79,118,79,133,110,150,192,1,1,1,1,1,1,1,2,6/7/2008
IIC2133,Estructuras de Datos y Algoritmos,10,1,CRR2013,N191,Minor de Profundidad Articulación Ingeniería de Transporte - Área 1: Externalidades e Impacto Ambiental,Área 3: Manejo de Bases de Datos,1,164/2016,Vs.01,201320,No aplica,Optativo Complementario,Elegir entre lista 1,2,0,2,1,0,1,0,0,0,0,0,0,0,0,0,0,0,0,3,0,3,38,32,42,84,80,75,95,125,1,1,1,1,1,1,1,1,6/7/2008
IIC2233,Programación Avanzada,10,1,CRR2013,N191,Minor de Profundidad Articulación Ingeniería de Transporte - Área 1: Externalidades e Impacto Ambiental,Área 3: Manejo de Bases de Datos,1,164/2016,Vs.01,201320,No aplica,Optativo Complementario,Elegir entre lista 1,2,0,2,1,0,1,0,0,0,0,0,0,0,0,0,0,0,0,3,0,3,53,117,110,137,143,160,223,288,2,2,2,3,3,3,4,3,6/7/2008
IIC2413,Bases de Datos,10,1,CRR2013,N191,Minor de Profundidad Articulación Ingeniería de Transporte - Área 1: Externalidades e Impacto Ambiental,Área 3: Manejo de Bases de Datos,1,164/2016,Vs.01,201320,No aplica,Optativo Complementario,Elegir entre lista 1,2,0,2,1,0,1,0,0,0,0,0,0,0,0,0,0,0,0,3,0,3,57,58,72,66,93,78,110,116,1,1,1,1,1,1,1,1,6/7/2008
IIC2115,Programación Como Herramienta para Ingeniería,10,1,CRR2013,N191,Minor de Profundidad Articulación Ingeniería de Transporte - Área 1: Externalidades e Impacto Ambiental,Área 3: Manejo de Bases de Datos,1,164/2016,Vs.01,201320,No aplica,Optativo Complementario,Elegir entre lista 1,2,1,1,1,0,1,0,0,0,0,0,0,0,0,0,0,0,0,3,1,2,70,54,25,27,52,50,76,97,1,1,1,1,1,1,1,1,6/7/2008
IIC1253,Matemáticas Discretas,10,1,CRR2013,N192,Minor de Profundidad Articulación Ingeniería de Transporte - Área 2: Herramientas de Análisis y Modelación,Área 3: Manejo de Bases de Datos,1,164/2016,Vs.01,201320,No aplica,Optativo Complementario,Elegir entre lista 1,6,0,6,5,0,5,2,0,2,0,0,0,0,0,0,0,0,0,13,0,13,95,79,118,79,133,110,150,192,1,1,1,1,1,1,1,2,6/7/2008
IIC2133,Estructuras de Datos y Algoritmos,10,1,CRR2013,N192,Minor de Profundidad Articulación Ingeniería de Transporte - Área 2: Herramientas de Análisis y Modelación,Área 3: Manejo de Bases de Datos,1,164/2016,Vs.01,201320,No aplica,Optativo Complementario,Elegir entre lista 1,6,0,6,5,0,5,2,0,2,0,0,0,0,0,0,0,0,0,13,0,13,38,32,42,84,80,75,95,125,1,1,1,1,1,1,1,1,6/7/2008
IIC2233,Programación Avanzada,10,1,CRR2013,N192,Minor de Profundidad Articulación Ingeniería de Transporte - Área 2: Herramientas de Análisis y Modelación,Área 3: Manejo de Bases de Datos,1,164/2016,Vs.01,201320,No aplica,Optativo Complementario,Elegir entre lista 1,6,0,6,5,1,4,2,0,2,0,0,0,0,0,0,0,0,0,13,1,12,53,117,110,137,143,160,223,288,2,2,2,3,3,3,4,3,6/7/2008
IIC2413,Bases de Datos,10,1,CRR2013,N192,Minor de Profundidad Articulación Ingeniería de Transporte - Área 2: Herramientas de Análisis y Modelación,Área 3: Manejo de Bases de Datos,1,164/2016,Vs.01,201320,No aplica,Optativo Complementario,Elegir entre lista 1,6,0,6,5,1,4,2,0,2,0,0,0,0,0,0,0,0,0,13,1,12,57,58,72,66,93,78,110,116,1,1,1,1,1,1,1,1,6/7/2008
IIC2115,Programación Como Herramienta para Ingeniería,10,1,CRR2013,N192,Minor de Profundidad Articulación Ingeniería de Transporte - Área 2: Herramientas de Análisis y Modelación,Área 3: Manejo de Bases de Datos,1,164/2016,Vs.01,201320,No aplica,Optativo Complementario,Elegir entre lista 1,6,5,1,5,0,5,2,0,2,0,0,0,0,0,0,0,0,0,13,5,8,70,54,25,27,52,50,76,97,1,1,1,1,1,1,1,1,6/7/2008
IIC1253,Matemáticas Discretas,10,1,CRR2013,N193,Minor de Profundidad Articulación Ingeniería de Transporte - Área 3: Manejo de Bases de Datos,Área 3: Manejo de Bases de Datos,1,164/2016,Vs.01,201320,No aplica,Optativo,Elegir 20 de un área distinta a la cursada en Major de lista 1,0,0,0,0,0,0,0,0,0,1,0,1,0,0,0,0,0,0,1,0,1,95,79,118,79,133,110,150,192,1,1,1,1,1,1,1,2,6/7/2008
IIC2133,Estructuras de Datos y Algoritmos,10,1,CRR2013,N193,Minor de Profundidad Articulación Ingeniería de Transporte - Área 3: Manejo de Bases de Datos,Área 3: Manejo de Bases de Datos,1,164/2016,Vs.01,201320,No aplica,Optativo,Elegir 20 de un área distinta a la cursada en Major de lista 1,0,0,0,0,0,0,0,0,0,1,0,1,0,0,0,0,0,0,1,0,1,38,32,42,84,80,75,95,125,1,1,1,1,1,1,1,1,6/7/2008
IIC2233,Programación Avanzada,10,1,CRR2013,N193,Minor de Profundidad Articulación Ingeniería de Transporte - Área 3: Manejo de Bases de Datos,Área 3: Manejo de Bases de Datos,1,164/2016,Vs.01,201320,No aplica,Optativo,Elegir 20 de un área distinta a la cursada en Major de lista 1,0,0,0,0,0,0,0,0,0,1,0,1,0,0,0,0,0,0,1,0,1,53,117,110,137,143,160,223,288,2,2,2,3,3,3,4,3,6/7/2008
IIC2413,Bases de Datos,10,1,CRR2013,N193,Minor de Profundidad Articulación Ingeniería de Transporte - Área 3: Manejo de Bases de Datos,Área 3: Manejo de Bases de Datos,1,164/2016,Vs.01,201320,No aplica,Optativo,Elegir 20 de un área distinta a la cursada en Major de lista 1,0,0,0,0,0,0,0,0,0,1,0,1,0,0,0,0,0,0,1,0,1,57,58,72,66,93,78,110,116,1,1,1,1,1,1,1,1,6/7/2008
IIC2115,Programación Como Herramienta para Ingeniería,10,1,CRR2013,N193,Minor de Profundidad Articulación Ingeniería de Transporte - Área 3: Manejo de Bases de Datos,Área 3: Manejo de Bases de Datos,1,164/2016,Vs.01,201320,No aplica,Optativo,Elegir 20 de un área distinta a la cursada en Major de lista 1,0,0,0,0,0,0,0,0,0,1,1,0,0,0,0,0,0,0,1,1,0,70,54,25,27,52,50,76,97,1,1,1,1,1,1,1,1,6/7/2008
IIC1253,Matemáticas Discretas,10,1,CRR2013,N193,Minor de Profundidad Articulación Ingeniería de Transporte - Área 3: Manejo de Bases de Datos,Área 3: Manejo de Bases de Datos,1,164/2016,Vs.01,201320,No aplica,Optativo Complementario,Elegir entre lista 1,0,0,0,0,0,0,0,0,0,1,0,1,0,0,0,0,0,0,1,0,1,95,79,118,79,133,110,150,192,1,1,1,1,1,1,1,2,6/7/2008
IIC2133,Estructuras de Datos y Algoritmos,10,1,CRR2013,N193,Minor de Profundidad Articulación Ingeniería de Transporte - Área 3: Manejo de Bases de Datos,Área 3: Manejo de Bases de Datos,1,164/2016,Vs.01,201320,No aplica,Optativo Complementario,Elegir entre lista 1,0,0,0,0,0,0,0,0,0,1,0,1,0,0,0,0,0,0,1,0,1,38,32,42,84,80,75,95,125,1,1,1,1,1,1,1,1,6/7/2008
IIC2233,Programación Avanzada,10,1,CRR2013,N193,Minor de Profundidad Articulación Ingeniería de Transporte - Área 3: Manejo de Bases de Datos,Área 3: Manejo de Bases de Datos,1,164/2016,Vs.01,201320,No aplica,Optativo Complementario,Elegir entre lista 1,0,0,0,0,0,0,0,0,0,1,0,1,0,0,0,0,0,0,1,0,1,53,117,110,137,143,160,223,288,2,2,2,3,3,3,4,3,6/7/2008
IIC2413,Bases de Datos,10,1,CRR2013,N193,Minor de Profundidad Articulación Ingeniería de Transporte - Área 3: Manejo de Bases de Datos,Área 3: Manejo de Bases de Datos,1,164/2016,Vs.01,201320,No aplica,Optativo Complementario,Elegir entre lista 1,0,0,0,0,0,0,0,0,0,1,0,1,0,0,0,0,0,0,1,0,1,57,58,72,66,93,78,110,116,1,1,1,1,1,1,1,1,6/7/2008
IIC2115,Programación Como Herramienta para Ingeniería,10,1,CRR2013,N193,Minor de Profundidad Articulación Ingeniería de Transporte - Área 3: Manejo de Bases de Datos,Área 3: Manejo de Bases de Datos,1,164/2016,Vs.01,201320,No aplica,Optativo Complementario,Elegir entre lista 1,0,0,0,0,0,0,0,0,0,1,1,0,0,0,0,0,0,0,1,1,0,70,54,25,27,52,50,76,97,1,1,1,1,1,1,1,1,6/7/2008
IIC1253,Matemáticas Discretas,10,1,CRR2013,N194,Minor de Profundidad Articulación Ingeniería de Transporte - Área 4: Profundización en Ingeniería de Transporte,Área 3: Manejo de Bases de Datos,1,164/2016,Vs.01,201320,No aplica,Optativo Complementario,Elegir entre lista 1,11,0,11,4,0,4,1,0,1,0,0,0,0,0,0,0,0,0,16,0,16,95,79,118,79,133,110,150,192,1,1,1,1,1,1,1,2,6/7/2008
IIC2133,Estructuras de Datos y Algoritmos,10,1,CRR2013,N194,Minor de Profundidad Articulación Ingeniería de Transporte - Área 4: Profundización en Ingeniería de Transporte,Área 3: Manejo de Bases de Datos,1,164/2016,Vs.01,201320,No aplica,Optativo Complementario,Elegir entre lista 1,11,1,10,4,0,4,1,0,1,0,0,0,0,0,0,0,0,0,16,1,15,38,32,42,84,80,75,95,125,1,1,1,1,1,1,1,1,6/7/2008
IIC2233,Programación Avanzada,10,1,CRR2013,N194,Minor de Profundidad Articulación Ingeniería de Transporte - Área 4: Profundización en Ingeniería de Transporte,Área 3: Manejo de Bases de Datos,1,164/2016,Vs.01,201320,No aplica,Optativo Complementario,Elegir entre lista 1,11,3,8,4,0,4,1,0,1,0,0,0,0,0,0,0,0,0,16,3,13,53,117,110,137,143,160,223,288,2,2,2,3,3,3,4,3,6/7/2008
IIC2413,Bases de Datos,10,1,CRR2013,N194,Minor de Profundidad Articulación Ingeniería de Transporte - Área 4: Profundización en Ingeniería de Transporte,Área 3: Manejo de Bases de Datos,1,164/2016,Vs.01,201320,No aplica,Optativo Complementario,Elegir entre lista 1,11,2,9,4,0,4,1,0,1,0,0,0,0,0,0,0,0,0,16,2,14,57,58,72,66,93,78,110,116,1,1,1,1,1,1,1,1,6/7/2008
IIC2115,Programación Como Herramienta para Ingeniería,10,1,CRR2013,N194,Minor de Profundidad Articulación Ingeniería de Transporte - Área 4: Profundización en Ingeniería de Transporte,Área 3: Manejo de Bases de Datos,1,164/2016,Vs.01,201320,No aplica,Optativo Complementario,Elegir entre lista 1,11,6,5,4,3,1,1,0,1,0,0,0,0,0,0,0,0,0,16,9,7,70,54,25,27,52,50,76,97,1,1,1,1,1,1,1,1,6/7/2008
IIC2433,Minería de Datos,10,1,CRR2013,N118,Minor de Profundidad en Bioingeniería-Área Procesos,Área 1: Procesos,3,156/2016,Vs.01,201320,No aplica,Optativo,Elegir 40 de una de las áreas de lista 1,11,0,11,0,0,0,0,0,0,0,0,0,0,0,0,0,0,0,11,0,11,0,11,0,14,0,24,0,31,0,1,0,1,0,1,0,1,8-Jun
IIC2433,Minería de Datos,10,1,CRR2013,N175,Minor de Profundidad en Bioingeniería - Área Procesos,Área 1: Procesos,3,156/2016,Vs.02,201320,No aplica,Optativo,Elegir 40 de una de las áreas de lista 1,1,0,1,12,2,10,7,0,7,13,0,13,0,0,0,0,0,0,33,2,31,0,11,0,14,0,24,0,31,0,1,0,1,0,1,0,1,8-Jun
IIC2233,Programación Avanzada,10,1,CRR2013,N208,Minor de Profundidad en Bioingeniería - Área Bioinformática,Área 5: Bioinformática,3,156/2016,Vs.02,201320,No aplica,Optativo,Elegir 40 de una de las áreas de lista 1,0,0,0,0,0,0,1,0,1,0,0,0,0,0,0,0,0,0,1,0,1,53,117,110,137,143,160,223,288,2,2,2,3,3,3,4,3,6/7/2008
IIC2133,Estructuras de Datos y Algoritmos,10,1,CRR2013,N208,Minor de Profundidad en Bioingeniería - Área Bioinformática,Área 5: Bioinformática,3,156/2016,Vs.02,201320,No aplica,Optativo,Elegir 40 de una de las áreas de lista 1,0,0,0,0,0,0,1,0,1,0,0,0,0,0,0,0,0,0,1,0,1,38,32,42,84,80,75,95,125,1,1,1,1,1,1,1,1,6/7/2008
IIC2433,Minería de Datos,10,1,CRR2013,N208,Minor de Profundidad en Bioingeniería - Área Bioinformática,Área 5: Bioinformática,3,156/2016,Vs.02,201320,No aplica,Optativo,Elegir 40 de una de las áreas de lista 1,0,0,0,0,0,0,1,0,1,0,0,0,0,0,0,0,0,0,1,0,1,0,11,0,14,0,24,0,31,0,1,0,1,0,1,0,1,8-Jun
IIC2613,Inteligencia Artificial,10,1,CRR2013,N208,Minor de Profundidad en Bioingeniería - Área Bioinformática,Área 5: Bioinformática,3,156/2016,Vs.02,201320,No aplica,Optativo,Elegir 40 de una de las áreas de lista 1,0,0,0,0,0,0,1,0,1,0,0,0,0,0,0,0,0,0,1,0,1,0,27,0,66,0,95,50,73,0,1,0,1,0,1,1,1,6/7/2008
IIC2433,Minería de Datos,10,1,CRR2013,N236,Minor de Profundidad en Bioingeniería - Area Procesos,Área 1: Procesos,3,153/2017,Vs.03,201820,No aplica,Optativo,Elegir 20 entre lista 1,0,0,0,0,0,0,0,0,0,0,0,0,0,0,0,0,0,0,0,0,0,0,11,0,14,0,24,0,31,0,1,0,1,0,1,0,1,7
IIC2233,Programación Avanzada,10,1,CRR2013,N240,Minor de Profundidad en Bioingeniería - Area Bioinformática,Área 5: Bioinformática,3,153/2017,Vs.03,201820,No aplica,Mínimo,No aplica,0,0,0,0,0,0,0,0,0,0,0,0,0,0,0,0,0,0,0,0,0,53,117,110,137,143,160,223,288,2,2,2,3,3,3,4,3,6/7/2008
IIC2433,Minería de Datos,10,1,CRR2013,N240,Minor de Profundidad en Bioingeniería - Area Bioinformática,Área 5: Bioinformática,3,153/2017,Vs.03,201820,No aplica,Mínimo,No aplica,0,0,0,0,0,0,0,0,0,0,0,0,0,0,0,0,0,0,0,0,0,0,11,0,14,0,24,0,31,0,1,0,1,0,1,0,1,6/7/2008
IIC2133,Estructuras de Datos y Algoritmos,10,1,CRR2013,N240,Minor de Profundidad en Bioingeniería - Area Bioinformática,Área 5: Bioinformática,3,153/2017,Vs.03,201820,No aplica,Optativo,Elegir 20 entre lista 1,0,0,0,0,0,0,0,0,0,0,0,0,0,0,0,0,0,0,0,0,0,38,32,42,84,80,75,95,125,1,1,1,1,1,1,1,1,8-Jun
IIC2613,Inteligencia Artificial,10,1,CRR2013,N240,Minor de Profundidad en Bioingeniería - Area Bioinformática,Área 5: Bioinformática,3,153/2017,Vs.03,201820,No aplica,Optativo,Elegir 20 entre lista 1,0,0,0,0,0,0,0,0,0,0,0,0,0,0,0,0,0,0,0,0,0,0,27,0,66,0,95,50,73,0,1,0,1,0,1,1,1,8-Jun
IIC1253,Matemáticas Discretas,10,1,CRR2013,N116,Minor de Profundidad en Teoría y Aplicación de Ingeniería Matemática-Track 1: Modelamiento Determinístico,Track 3: Teoría de la Computación,2,160/2016,Vs.01,201320,No aplica,Optativo,Elegir 20 de un Track distinto al cursado en Major de Lista 1,4,3,1,4,4,0,0,0,0,0,0,0,0,0,0,0,0,0,8,7,1,95,79,118,79,133,110,150,192,1,1,1,1,1,1,1,2,6/7/2008
IIC2213,Lógica para Ciencias de la Computación,10,1,CRR2013,N116,Minor de Profundidad en Teoría y Aplicación de Ingeniería Matemática-Track 1: Modelamiento Determinístico,Track 3: Teoría de la Computación,2,160/2016,Vs.01,201320,No aplica,Optativo,"(Optativo entre IIC2213 y MAT2415), Elegir 20 cr de un Track distinto al escogido en Major de Lista 1",4,2,2,4,0,4,0,0,0,0,0,0,0,0,0,0,0,0,8,2,6,14,6,15,0,28,8,30,0,1,1,1,0,1,1,1,0,6/7/2008
IIC2233,Programación Avanzada,10,1,CRR2013,N116,Minor de Profundidad en Teoría y Aplicación de Ingeniería Matemática-Track 1: Modelamiento Determinístico,Track 3: Teoría de la Computación,2,160/2016,Vs.01,201320,No aplica,Optativo,Elegir 20 de un Track distinto al cursado en Major de Lista 1,4,1,3,4,3,1,0,0,0,0,0,0,0,0,0,0,0,0,8,4,4,53,117,110,137,143,160,223,288,2,2,2,3,3,3,4,3,6/7/2008
IIC2223,Teoría de Autómatas y Lenguajes Formales,10,1,CRR2013,N116,Minor de Profundidad en Teoría y Aplicación de Ingeniería Matemática-Track 1: Modelamiento Determinístico,Track 3: Teoría de la Computación,2,160/2016,Vs.01,201320,No aplica,Optativo,Elegir 20 de un Track distinto al cursado en Major de Lista 1,4,2,2,4,0,4,0,0,0,0,0,0,0,0,0,0,0,0,8,2,6,0,15,0,20,0,24,0,46,0,1,0,1,0,1,0,1,8-Jun
IIC3242,Complejidad Computacional,10,1,CRR2013,N116,Minor de Profundidad en Teoría y Aplicación de Ingeniería Matemática-Track 1: Modelamiento Determinístico,Track 3: Teoría de la Computación,2,160/2016,Vs.01,201320,No aplica,Optativo,Elegir 20 de un Track distinto al cursado en Major de Lista 1,4,2,2,4,0,4,0,0,0,0,0,0,0,0,0,0,0,0,8,2,6,0,0,11,0,8,0,7,0,0,0,1,0,1,0,1,0,7
IIC3263,Teoría de Modelos Finitos,10,1,CRR2013,N116,Minor de Profundidad en Teoría y Aplicación de Ingeniería Matemática-Track 1: Modelamiento Determinístico,Track 3: Teoría de la Computación,2,160/2016,Vs.01,201320,No aplica,Optativo,Elegir 20 de un Track distinto al cursado en Major de Lista 1,4,0,4,4,0,4,0,0,0,0,0,0,0,0,0,0,0,0,8,0,8,5,0,0,0,0,9,0,0,1,0,0,0,0,1,0,0,8-Jun
IIC2133,Estructuras de Datos y Algoritmos,10,1,CRR2013,N116,Minor de Profundidad en Teoría y Aplicación de Ingeniería Matemática-Track 1: Modelamiento Determinístico,Track 3: Teoría de la Computación,2,160/2016,Vs.01,201320,No aplica,Optativo,Elegir 20 de un Track distinto al cursado en Major de Lista 1,4,0,4,4,0,4,0,0,0,0,0,0,0,0,0,0,0,0,8,0,8,38,32,42,84,80,75,95,125,1,1,1,1,1,1,1,1,6/7/2008
IIC1253,Matemáticas Discretas,10,1,CRR2013,N115,Minor de Profundidad en Teoría y Aplicación de Ingeniería Matemática-Track 2: Modelamiento Estocástico,Track 3: Teoría de la Computación,2,160/2016,Vs.01,201320,No aplica,Optativo,Elegir 20 de un Track distinto al cursado en Major de Lista 1,5,5,0,4,4,0,0,0,0,0,0,0,0,0,0,0,0,0,9,9,0,95,79,118,79,133,110,150,192,1,1,1,1,1,1,1,2,6/7/2008
IIC2213,Lógica para Ciencias de la Computación,10,1,CRR2013,N115,Minor de Profundidad en Teoría y Aplicación de Ingeniería Matemática-Track 2: Modelamiento Estocástico,Track 3: Teoría de la Computación,2,160/2016,Vs.01,201320,No aplica,Optativo,"(Optativo entre IIC2213 y MAT2415), Elegir 20 cr de un Track distinto al escogido en Major de Lista 1",5,2,3,4,1,3,0,0,0,0,0,0,0,0,0,0,0,0,9,3,6,14,6,15,0,28,8,30,0,1,1,1,0,1,1,1,0,6/7/2008
IIC2233,Programación Avanzada,10,1,CRR2013,N115,Minor de Profundidad en Teoría y Aplicación de Ingeniería Matemática-Track 2: Modelamiento Estocástico,Track 3: Teoría de la Computación,2,160/2016,Vs.01,201320,No aplica,Optativo,Elegir 20 de un Track distinto al cursado en Major de Lista 1,5,2,3,4,2,2,0,0,0,0,0,0,0,0,0,0,0,0,9,4,5,53,117,110,137,143,160,223,288,2,2,2,3,3,3,4,3,6/7/2008
IIC2223,Teoría de Autómatas y Lenguajes Formales,10,1,CRR2013,N115,Minor de Profundidad en Teoría y Aplicación de Ingeniería Matemática-Track 2: Modelamiento Estocástico,Track 3: Teoría de la Computación,2,160/2016,Vs.01,201320,No aplica,Optativo,Elegir 20 de un Track distinto al cursado en Major de Lista 1,5,2,3,4,0,4,0,0,0,0,0,0,0,0,0,0,0,0,9,2,7,0,15,0,20,0,24,0,46,0,1,0,1,0,1,0,1,8-Jun
IIC3242,Complejidad Computacional,10,1,CRR2013,N115,Minor de Profundidad en Teoría y Aplicación de Ingeniería Matemática-Track 2: Modelamiento Estocástico,Track 3: Teoría de la Computación,2,160/2016,Vs.01,201320,No aplica,Optativo,Elegir 20 de un Track distinto al cursado en Major de Lista 1,5,2,3,4,0,4,0,0,0,0,0,0,0,0,0,0,0,0,9,2,7,0,0,11,0,8,0,7,0,0,0,1,0,1,0,1,0,7
IIC3263,Teoría de Modelos Finitos,10,1,CRR2013,N115,Minor de Profundidad en Teoría y Aplicación de Ingeniería Matemática-Track 2: Modelamiento Estocástico,Track 3: Teoría de la Computación,2,160/2016,Vs.01,201320,No aplica,Optativo,Elegir 20 de un Track distinto al cursado en Major de Lista 1,5,1,4,4,0,4,0,0,0,0,0,0,0,0,0,0,0,0,9,1,8,5,0,0,0,0,9,0,0,1,0,0,0,0,1,0,0,8-Jun
IIC2133,Estructuras de Datos y Algoritmos,10,1,CRR2013,N115,Minor de Profundidad en Teoría y Aplicación de Ingeniería Matemática-Track 2: Modelamiento Estocástico,Track 3: Teoría de la Computación,2,160/2016,Vs.01,201320,No aplica,Optativo,Elegir 20 de un Track distinto al cursado en Major de Lista 1,5,0,5,4,1,3,0,0,0,0,0,0,0,0,0,0,0,0,9,1,8,38,32,42,84,80,75,95,125,1,1,1,1,1,1,1,1,6/7/2008
IIC1253,Matemáticas Discretas,10,1,CRR2013,N687,Minor de Profundidad en Teoría y Aplicación de Ingeniería Matemática-Track 3: Teoría de la Computación,Track 3: Teoría de la Computación,2,160/2016,Vs.01,201320,No aplica,Optativo,Elegir 20 del mismo Track cursado en Major de Lista 1,0,0,0,0,0,0,0,0,0,0,0,0,0,0,0,0,0,0,0,0,0,95,79,118,79,133,110,150,192,1,1,1,1,1,1,1,2,6/7/2008
IIC2213,Lógica para Ciencias de la Computación,10,1,CRR2013,N687,Minor de Profundidad en Teoría y Aplicación de Ingeniería Matemática-Track 3: Teoría de la Computación,Track 3: Teoría de la Computación,2,160/2016,Vs.01,201320,No aplica,Optativo,"(Optativo entre IIC2213 y MAT2415), Elegir 20 del mismo Track cursado en Major de Lista 1",0,0,0,0,0,0,0,0,0,0,0,0,0,0,0,0,0,0,0,0,0,14,6,15,0,28,8,30,0,1,1,1,0,1,1,1,0,6/7/2008
IIC2233,Programación Avanzada,10,1,CRR2013,N687,Minor de Profundidad en Teoría y Aplicación de Ingeniería Matemática-Track 3: Teoría de la Computación,Track 3: Teoría de la Computación,2,160/2016,Vs.01,201320,No aplica,Optativo,Elegir 20 del mismo Track cursado en Major de Lista 1,0,0,0,0,0,0,0,0,0,0,0,0,0,0,0,0,0,0,0,0,0,53,117,110,137,143,160,223,288,2,2,2,3,3,3,4,3,6/7/2008
IIC2223,Teoría de Autómatas y Lenguajes Formales,10,1,CRR2013,N687,Minor de Profundidad en Teoría y Aplicación de Ingeniería Matemática-Track 3: Teoría de la Computación,Track 3: Teoría de la Computación,2,160/2016,Vs.01,201320,No aplica,Optativo,Elegir 20 del mismo Track cursado en Major de Lista 1,0,0,0,0,0,0,0,0,0,0,0,0,0,0,0,0,0,0,0,0,0,0,15,0,20,0,24,0,46,0,1,0,1,0,1,0,1,8-Jun
IIC3242,Complejidad Computacional,10,1,CRR2013,N687,Minor de Profundidad en Teoría y Aplicación de Ingeniería Matemática-Track 3: Teoría de la Computación,Track 3: Teoría de la Computación,2,160/2016,Vs.01,201320,No aplica,Optativo,Elegir 20 del mismo Track cursado en Major de Lista 1,0,0,0,0,0,0,0,0,0,0,0,0,0,0,0,0,0,0,0,0,0,0,0,11,0,8,0,7,0,0,0,1,0,1,0,1,0,7
IIC3263,Teoría de Modelos Finitos,10,1,CRR2013,N687,Minor de Profundidad en Teoría y Aplicación de Ingeniería Matemática-Track 3: Teoría de la Computación,Track 3: Teoría de la Computación,2,160/2016,Vs.01,201320,No aplica,Optativo,Elegir 20 del mismo Track cursado en Major de Lista 1,0,0,0,0,0,0,0,0,0,0,0,0,0,0,0,0,0,0,0,0,0,5,0,0,0,0,9,0,0,1,0,0,0,0,1,0,0,8-Jun
IIC2133,Estructuras de Datos y Algoritmos,10,1,CRR2013,N687,Minor de Profundidad en Teoría y Aplicación de Ingeniería Matemática-Track 3: Teoría de la Computación,Track 3: Teoría de la Computación,2,160/2016,Vs.01,201320,No aplica,Optativo,Elegir 20 del mismo Track cursado en Major de Lista 1,0,0,0,0,0,0,0,0,0,0,0,0,0,0,0,0,0,0,0,0,0,38,32,42,84,80,75,95,125,1,1,1,1,1,1,1,1,6/7/2008
IIC2133,Estructuras de Datos y Algoritmos,10,1,CRR2013,N180,Minor de Profundidad en Teoría y Aplicación de Ingeniería Matemática - Track 1: Fundamentos de Optimización,Track 4: Teoría de la Computación,2,160/2016,Vs.02,201320,No aplica,Mínimo,Elegir 20 cr de un Track distinto al cursado en Major de Lista 1,0,0,0,2,1,1,4,0,4,1,0,1,0,0,0,0,0,0,7,1,6,38,32,42,84,80,75,95,125,1,1,1,1,1,1,1,1,6/7/2008
IIC2213,Lógica para Ciencias de la Computación,10,1,CRR2013,N180,Minor de Profundidad en Teoría y Aplicación de Ingeniería Matemática - Track 1: Fundamentos de Optimización,Track 4: Teoría de la Computación,2,160/2016,Vs.02,201320,No aplica,Optativo,Elegir 20 cr de un Track distinto al cursado en Major de Lista 1,0,0,0,2,1,1,4,0,4,1,0,1,0,0,0,0,0,0,7,1,6,14,6,15,0,28,8,30,0,1,1,1,0,1,1,1,0,6/7/2008
IIC2223,Teoría de Autómatas y Lenguajes Formales,10,1,CRR2013,N180,Minor de Profundidad en Teoría y Aplicación de Ingeniería Matemática - Track 1: Fundamentos de Optimización,Track 4: Teoría de la Computación,2,160/2016,Vs.02,201320,No aplica,Optativo,Elegir 20 cr de un Track distinto al cursado en Major de Lista 1,0,0,0,2,1,1,4,0,4,1,0,1,0,0,0,0,0,0,7,1,6,0,15,0,20,0,24,0,46,0,1,0,1,0,1,0,1,8-Jun
IIC2283,Diseño y Análisis de Algoritmos,10,1,CRR2013,N180,Minor de Profundidad en Teoría y Aplicación de Ingeniería Matemática - Track 1: Fundamentos de Optimización,Track 4: Teoría de la Computación,2,160/2016,Vs.02,201320,No aplica,Optativo,Elegir 20 cr de un Track distinto al cursado en Major de Lista 1,0,0,0,2,0,2,4,0,4,1,0,1,0,0,0,0,0,0,7,0,7,0,13,0,19,0,27,0,28,0,1,0,1,0,1,0,1,8-Jun
IIC2413,Bases de Datos,10,1,CRR2013,N180,Minor de Profundidad en Teoría y Aplicación de Ingeniería Matemática - Track 1: Fundamentos de Optimización,Track 5: Data Science,2,160/2016,Vs.02,201320,No aplica,Mínimo,Elegir 20 cr de un Track distinto al cursado en Major de Lista 1,0,0,0,2,0,2,4,0,4,1,0,1,0,0,0,0,0,0,7,0,7,57,58,72,66,93,78,110,116,1,1,1,1,1,1,1,1,6/7/2008
IIC2613,Inteligencia Artificial,10,1,CRR2013,N180,Minor de Profundidad en Teoría y Aplicación de Ingeniería Matemática - Track 1: Fundamentos de Optimización,Track 5: Data Science,2,160/2016,Vs.02,201320,No aplica,Optativo,Elegir 20 cr de un Track distinto al cursado en Major de Lista 1,0,0,0,2,1,1,4,0,4,1,0,1,0,0,0,0,0,0,7,1,6,0,27,0,66,0,95,50,73,0,1,0,1,0,1,1,1,6/7/2008
IIC2433,Minería de Datos,10,1,CRR2013,N180,Minor de Profundidad en Teoría y Aplicación de Ingeniería Matemática - Track 1: Fundamentos de Optimización,Track 5: Data Science,2,160/2016,Vs.02,201320,No aplica,Optativo,Elegir 20 cr de un Track distinto al cursado en Major de Lista 1,0,0,0,2,0,2,4,0,4,1,0,1,0,0,0,0,0,0,7,0,7,0,11,0,14,0,24,0,31,0,1,0,1,0,1,0,1,8-Jun
IIC2133,Estructuras de Datos y Algoritmos,10,1,CRR2013,N181,Minor de Profundidad en Teoría y Aplicación de Ingeniería Matemática - Track 2: Fundamentos de Análisis Numérico,Track 4: Teoría de la Computación,2,160/2016,Vs.02,201320,No aplica,Mínimo,Elegir 20 cr de un Track distinto al cursado en Major de Lista 1,0,0,0,3,0,3,0,0,0,4,0,4,0,0,0,0,0,0,7,0,7,38,32,42,84,80,75,95,125,1,1,1,1,1,1,1,1,6/7/2008
IIC2213,Lógica para Ciencias de la Computación,10,1,CRR2013,N181,Minor de Profundidad en Teoría y Aplicación de Ingeniería Matemática - Track 2: Fundamentos de Análisis Numérico,Track 4: Teoría de la Computación,2,160/2016,Vs.02,201320,No aplica,Optativo,Elegir 20 cr de un Track distinto al cursado en Major de Lista 1,0,0,0,3,0,3,0,0,0,4,0,4,0,0,0,0,0,0,7,0,7,14,6,15,0,28,8,30,0,1,1,1,0,1,1,1,0,6/7/2008
IIC2223,Teoría de Autómatas y Lenguajes Formales,10,1,CRR2013,N181,Minor de Profundidad en Teoría y Aplicación de Ingeniería Matemática - Track 2: Fundamentos de Análisis Numérico,Track 4: Teoría de la Computación,2,160/2016,Vs.02,201320,No aplica,Optativo,Elegir 20 cr de un Track distinto al cursado en Major de Lista 1,0,0,0,3,0,3,0,0,0,4,0,4,0,0,0,0,0,0,7,0,7,0,15,0,20,0,24,0,46,0,1,0,1,0,1,0,1,8-Jun
IIC2283,Diseño y Análisis de Algoritmos,10,1,CRR2013,N181,Minor de Profundidad en Teoría y Aplicación de Ingeniería Matemática - Track 2: Fundamentos de Análisis Numérico,Track 4: Teoría de la Computación,2,160/2016,Vs.02,201320,No aplica,Optativo,Elegir 20 cr de un Track distinto al cursado en Major de Lista 1,0,0,0,3,0,3,0,0,0,4,0,4,0,0,0,0,0,0,7,0,7,0,13,0,19,0,27,0,28,0,1,0,1,0,1,0,1,8-Jun
IIC2413,Bases de Datos,10,1,CRR2013,N181,Minor de Profundidad en Teoría y Aplicación de Ingeniería Matemática - Track 2: Fundamentos de Análisis Numérico,Track 5: Data Science,2,160/2016,Vs.02,201320,No aplica,Mínimo,Elegir 20 cr de un Track distinto al cursado en Major de Lista 1,0,0,0,3,2,1,0,0,0,4,0,4,0,0,0,0,0,0,7,2,5,57,58,72,66,93,78,110,116,1,1,1,1,1,1,1,1,6/7/2008
IIC2613,Inteligencia Artificial,10,1,CRR2013,N181,Minor de Profundidad en Teoría y Aplicación de Ingeniería Matemática - Track 2: Fundamentos de Análisis Numérico,Track 5: Data Science,2,160/2016,Vs.02,201320,No aplica,Optativo,Elegir 20 cr de un Track distinto al cursado en Major de Lista 1,0,0,0,3,1,2,0,0,0,4,0,4,0,0,0,0,0,0,7,1,6,0,27,0,66,0,95,50,73,0,1,0,1,0,1,1,1,6/7/2008
IIC2433,Minería de Datos,10,1,CRR2013,N181,Minor de Profundidad en Teoría y Aplicación de Ingeniería Matemática - Track 2: Fundamentos de Análisis Numérico,Track 5: Data Science,2,160/2016,Vs.02,201320,No aplica,Optativo,Elegir 20 cr de un Track distinto al cursado en Major de Lista 1,0,0,0,3,1,2,0,0,0,4,0,4,0,0,0,0,0,0,7,1,6,0,11,0,14,0,24,0,31,0,1,0,1,0,1,0,1,8-Jun
IIC2133,Estructuras de Datos y Algoritmos,10,1,CRR2013,N182,Minor de Profundidad en Teoría y Aplicación de Ingeniería Matemática - Track 3: Cuantificación de Incertidumbre,Track 4: Teoría de la Computación,2,160/2016,Vs.02,201320,No aplica,Mínimo,Elegir 20 cr de un Track distinto al cursado en Major de Lista 1,0,0,0,1,0,1,1,0,1,0,0,0,0,0,0,0,0,0,2,0,2,38,32,42,84,80,75,95,125,1,1,1,1,1,1,1,1,6/7/2008
IIC2213,Lógica para Ciencias de la Computación,10,1,CRR2013,N182,Minor de Profundidad en Teoría y Aplicación de Ingeniería Matemática - Track 3: Cuantificación de Incertidumbre,Track 4: Teoría de la Computación,2,160/2016,Vs.02,201320,No aplica,Optativo,Elegir 20 cr de un Track distinto al cursado en Major de Lista 1,0,0,0,1,0,1,1,0,1,0,0,0,0,0,0,0,0,0,2,0,2,14,6,15,0,28,8,30,0,1,1,1,0,1,1,1,0,6/7/2008
IIC2223,Teoría de Autómatas y Lenguajes Formales,10,1,CRR2013,N182,Minor de Profundidad en Teoría y Aplicación de Ingeniería Matemática - Track 3: Cuantificación de Incertidumbre,Track 4: Teoría de la Computación,2,160/2016,Vs.02,201320,No aplica,Optativo,Elegir 20 cr de un Track distinto al cursado en Major de Lista 1,0,0,0,1,0,1,1,0,1,0,0,0,0,0,0,0,0,0,2,0,2,0,15,0,20,0,24,0,46,0,1,0,1,0,1,0,1,8-Jun
IIC2283,Diseño y Análisis de Algoritmos,10,1,CRR2013,N182,Minor de Profundidad en Teoría y Aplicación de Ingeniería Matemática - Track 3: Cuantificación de Incertidumbre,Track 4: Teoría de la Computación,2,160/2016,Vs.02,201320,No aplica,Optativo,Elegir 20 cr de un Track distinto al cursado en Major de Lista 1,0,0,0,1,0,1,1,0,1,0,0,0,0,0,0,0,0,0,2,0,2,0,13,0,19,0,27,0,28,0,1,0,1,0,1,0,1,8-Jun
IIC2413,Bases de Datos,10,1,CRR2013,N182,Minor de Profundidad en Teoría y Aplicación de Ingeniería Matemática - Track 3: Cuantificación de Incertidumbre,Track 5: Data Science,2,160/2016,Vs.02,201320,No aplica,Mínimo,Elegir 20 cr de un Track distinto al cursado en Major de Lista 1,0,0,0,1,0,1,1,0,1,0,0,0,0,0,0,0,0,0,2,0,2,57,58,72,66,93,78,110,116,1,1,1,1,1,1,1,1,6/7/2008
IIC2613,Inteligencia Artificial,10,1,CRR2013,N182,Minor de Profundidad en Teoría y Aplicación de Ingeniería Matemática - Track 3: Cuantificación de Incertidumbre,Track 5: Data Science,2,160/2016,Vs.02,201320,No aplica,Optativo,Elegir 20 cr de un Track distinto al cursado en Major de Lista 1,0,0,0,1,1,0,1,0,1,0,0,0,0,0,0,0,0,0,2,1,1,0,27,0,66,0,95,50,73,0,1,0,1,0,1,1,1,6/7/2008
IIC2433,Minería de Datos,10,1,CRR2013,N182,Minor de Profundidad en Teoría y Aplicación de Ingeniería Matemática - Track 3: Cuantificación de Incertidumbre,Track 5: Data Science,2,160/2016,Vs.02,201320,No aplica,Optativo,Elegir 20 cr de un Track distinto al cursado en Major de Lista 1,0,0,0,1,0,1,1,0,1,0,0,0,0,0,0,0,0,0,2,0,2,0,11,0,14,0,24,0,31,0,1,0,1,0,1,0,1,8-Jun
IIC2133,Estructuras de Datos y Algoritmos,10,1,CRR2013,N183,Minor de Profundidad en Teoría y Aplicación de Ingeniería Matemática - Track 4: Teoría de la Computación,Track 4: Teoría de la Computación,2,160/2016,Vs.02,201320,No aplica,Mínimo,Elegir 10 cr del mismo Track cursado en Major de Lista 1,0,0,0,1,0,1,1,0,1,0,0,0,0,0,0,0,0,0,2,0,2,38,32,42,84,80,75,95,125,1,1,1,1,1,1,1,1,6/7/2008
IIC2213,Lógica para Ciencias de la Computación,10,1,CRR2013,N183,Minor de Profundidad en Teoría y Aplicación de Ingeniería Matemática - Track 4: Teoría de la Computación,Track 4: Teoría de la Computación,2,160/2016,Vs.02,201320,No aplica,Optativo,Elegir 10 cr del mismo Track cursado en Major de Lista 1,0,0,0,1,0,1,1,0,1,0,0,0,0,0,0,0,0,0,2,0,2,14,6,15,0,28,8,30,0,1,1,1,0,1,1,1,0,6/7/2008
IIC2223,Teoría de Autómatas y Lenguajes Formales,10,1,CRR2013,N183,Minor de Profundidad en Teoría y Aplicación de Ingeniería Matemática - Track 4: Teoría de la Computación,Track 4: Teoría de la Computación,2,160/2016,Vs.02,201320,No aplica,Optativo,Elegir 10 cr del mismo Track cursado en Major de Lista 1,0,0,0,1,0,1,1,0,1,0,0,0,0,0,0,0,0,0,2,0,2,0,15,0,20,0,24,0,46,0,1,0,1,0,1,0,1,8-Jun
IIC2283,Diseño y Análisis de Algoritmos,10,1,CRR2013,N183,Minor de Profundidad en Teoría y Aplicación de Ingeniería Matemática - Track 4: Teoría de la Computación,Track 4: Teoría de la Computación,2,160/2016,Vs.02,201320,No aplica,Optativo,Elegir 10 cr del mismo Track cursado en Major de Lista 1,0,0,0,1,0,1,1,0,1,0,0,0,0,0,0,0,0,0,2,0,2,0,13,0,19,0,27,0,28,0,1,0,1,0,1,0,1,8-Jun
IIC2413,Bases de Datos,10,1,CRR2013,N183,Minor de Profundidad en Teoría y Aplicación de Ingeniería Matemática - Track 4: Teoría de la Computación,Track 5: Data Science,2,160/2016,Vs.02,201320,No aplica,Mínimo,Elegir 20 cr de un Track distinto al cursado en Major de Lista 1,0,0,0,1,1,0,1,0,1,0,0,0,0,0,0,0,0,0,2,1,1,57,58,72,66,93,78,110,116,1,1,1,1,1,1,1,1,6/7/2008
IIC2613,Inteligencia Artificial,10,1,CRR2013,N183,Minor de Profundidad en Teoría y Aplicación de Ingeniería Matemática - Track 4: Teoría de la Computación,Track 5: Data Science,2,160/2016,Vs.02,201320,No aplica,Optativo,Elegir 20 cr de un Track distinto al cursado en Major de Lista 1,0,0,0,1,1,0,1,0,1,0,0,0,0,0,0,0,0,0,2,1,1,0,27,0,66,0,95,50,73,0,1,0,1,0,1,1,1,6/7/2008
IIC2433,Minería de Datos,10,1,CRR2013,N183,Minor de Profundidad en Teoría y Aplicación de Ingeniería Matemática - Track 4: Teoría de la Computación,Track 5: Data Science,2,160/2016,Vs.02,201320,No aplica,Optativo,Elegir 20 cr de un Track distinto al cursado en Major de Lista 1,0,0,0,1,0,1,1,0,1,0,0,0,0,0,0,0,0,0,2,0,2,0,11,0,14,0,24,0,31,0,1,0,1,0,1,0,1,8-Jun
IIC2413,Bases de Datos,10,1,CRR2013,N184,Minor de Profundidad en Teoría y Aplicación de Ingeniería Matemática - Track 5: Data Science,Track 5: Data Science,2,160/2016,Vs.02,201320,No aplica,Mínimo,Elegir 10 cr del mismo Track cursado en Major de Lista 1,0,0,0,0,0,0,1,0,1,1,0,1,0,0,0,0,0,0,2,0,2,57,58,72,66,93,78,110,116,1,1,1,1,1,1,1,1,6/7/2008
IIC2613,Inteligencia Artificial,10,1,CRR2013,N184,Minor de Profundidad en Teoría y Aplicación de Ingeniería Matemática - Track 5: Data Science,Track 5: Data Science,2,160/2016,Vs.02,201320,No aplica,Optativo,Elegir 10 cr del mismo Track cursado en Major de Lista 1,0,0,0,0,0,0,1,0,1,1,0,1,0,0,0,0,0,0,2,0,2,0,27,0,66,0,95,50,73,0,1,0,1,0,1,1,1,6/7/2008
IIC2433,Minería de Datos,10,1,CRR2013,N184,Minor de Profundidad en Teoría y Aplicación de Ingeniería Matemática - Track 5: Data Science,Track 5: Data Science,2,160/2016,Vs.02,201320,No aplica,Optativo,Elegir 10 cr del mismo Track cursado en Major de Lista 1,0,0,0,0,0,0,1,0,1,1,0,1,0,0,0,0,0,0,2,0,2,0,11,0,14,0,24,0,31,0,1,0,1,0,1,0,1,8-Jun
IIC2133,Estructuras de Datos y Algoritmos,10,1,CRR2013,N184,Minor de Profundidad en Teoría y Aplicación de Ingeniería Matemática - Track 5: Data Science,Track 4: Teoría de la Computación,2,160/2016,Vs.02,201320,No aplica,Mínimo,Elegir 20 cr de un Track distinto al cursado en Major de Lista 1,0,0,0,0,0,0,1,0,1,1,0,1,0,0,0,0,0,0,2,0,2,38,32,42,84,80,75,95,125,1,1,1,1,1,1,1,1,6/7/2008
IIC2213,Lógica para Ciencias de la Computación,10,1,CRR2013,N184,Minor de Profundidad en Teoría y Aplicación de Ingeniería Matemática - Track 5: Data Science,Track 4: Teoría de la Computación,2,160/2016,Vs.02,201320,No aplica,Optativo,Elegir 20 cr de un Track distinto al cursado en Major de Lista 1,0,0,0,0,0,0,1,0,1,1,0,1,0,0,0,0,0,0,2,0,2,14,6,15,0,28,8,30,0,1,1,1,0,1,1,1,0,6/7/2008
IIC2223,Teoría de Autómatas y Lenguajes Formales,10,1,CRR2013,N184,Minor de Profundidad en Teoría y Aplicación de Ingeniería Matemática - Track 5: Data Science,Track 4: Teoría de la Computación,2,160/2016,Vs.02,201320,No aplica,Optativo,Elegir 20 cr de un Track distinto al cursado en Major de Lista 1,0,0,0,0,0,0,1,0,1,1,0,1,0,0,0,0,0,0,2,0,2,0,15,0,20,0,24,0,46,0,1,0,1,0,1,0,1,8-Jun
IIC2283,Diseño y Análisis de Algoritmos,10,1,CRR2013,N184,Minor de Profundidad en Teoría y Aplicación de Ingeniería Matemática - Track 5: Data Science,Track 4: Teoría de la Computación,2,160/2016,Vs.02,201320,No aplica,Optativo,Elegir 20 cr de un Track distinto al cursado en Major de Lista 1,0,0,0,0,0,0,1,0,1,1,0,1,0,0,0,0,0,0,2,0,2,0,13,0,19,0,27,0,28,0,1,0,1,0,1,0,1,8-Jun
IIC1253,Matemáticas Discretas,10,1,CRR2013,N776,Minor de Amplitud en Programación,No aplica,1,174/2016,Vs.01,201320,No aplica,Mínimo,No aplica,58,44,14,60,49,11,56,38,18,32,8,24,0,0,0,0,0,0,206,139,67,95,79,118,79,133,110,150,192,1,1,1,1,1,1,1,2,6/7/2008
IIC2133,Estructuras de Datos y Algoritmos,10,1,CRR2013,N776,Minor de Amplitud en Programación,No aplica,1,174/2016,Vs.01,201320,No aplica,Mínimo,No aplica,58,34,24,60,28,32,56,5,51,32,0,32,0,0,0,0,0,0,206,67,139,38,32,42,84,80,75,95,125,1,1,1,1,1,1,1,1,6/7/2008
IIC2143,Ingeniería de Software,10,1,CRR2013,N776,Minor de Amplitud en Programación,No aplica,1,174/2016,Vs.01,201320,No aplica,Mínimo,No aplica,58,51,7,60,41,19,56,24,32,32,0,32,0,0,0,0,0,0,206,116,90,32,48,49,58,74,97,112,131,1,1,1,1,1,1,2,2,6/7/2008
IIC2233,Programación Avanzada,10,1,CRR2013,N776,Minor de Amplitud en Programación,No aplica,1,174/2016,Vs.01,201320,No aplica,Mínimo,No aplica,58,53,5,60,55,5,56,48,8,32,8,24,0,0,0,0,0,0,206,164,42,53,117,110,137,143,160,223,288,2,2,2,3,3,3,4,3,6/7/2008
IIC2413,Bases de Datos,10,1,CRR2013,N776,Minor de Amplitud en Programación,No aplica,1,174/2016,Vs.01,201320,No aplica,Mínimo,No aplica,58,50,8,60,45,15,56,31,25,32,1,31,0,0,0,0,0,0,206,127,79,57,58,72,66,93,78,110,116,1,1,1,1,1,1,1,1,6/7/2008
IIC2343,Arquitectura de Computadores,10,1,CRR2013,N776,Minor de Amplitud en Programación,No aplica,1,174/2016,Vs.01,201320,No aplica,Optativo Complementario,Elegir entre lista 1,58,46,12,60,35,25,56,10,46,32,0,32,0,0,0,0,0,0,206,91,115,59,50,64,75,104,86,57,100,1,1,1,1,1,1,1,1,6/7/2008
IIC2713,Sistemas de Información,10,1,CRR2013,N776,Minor de Amplitud en Programación,No aplica,1,174/2016,Vs.01,201320,No aplica,Optativo Complementario,Elegir entre lista 1,58,51,7,60,50,10,56,39,17,32,4,28,0,0,0,0,0,0,206,144,62,80,90,115,171,191,206,180,190,2,1,2,2,3,3,2,2,6/7/2008
IIC2513,Tecnologías y Aplicaciones Web,10,1,CRR2013,N776,Minor de Amplitud en Programación,No aplica,1,174/2016,Vs.01,201320,No aplica,Optativo Complementario,Elegir entre lista 1,58,12,46,60,9,51,56,3,53,32,0,32,0,0,0,0,0,0,206,24,182,27,26,35,22,47,38,67,65,1,1,1,1,1,1,1,1,6/7/2008
IIC2613,Inteligencia Artificial,10,1,CRR2013,N776,Minor de Amplitud en Programación,No aplica,1,174/2016,Vs.01,201320,No aplica,Optativo Complementario,Elegir entre lista 1,58,7,51,60,2,58,56,2,54,32,0,32,0,0,0,0,0,0,206,11,195,0,27,0,66,0,95,50,73,0,1,0,1,0,1,1,1,6/7/2008
IIC2333,Sistemas Operativos y Redes,10,1,CRR2013,N776,Minor de Amplitud en Programación,No aplica,1,174/2016,Vs.01,201320,No aplica,Optativo Complementario,Elegir entre lista 1,58,40,18,60,14,46,56,1,55,32,0,32,0,0,0,0,0,0,206,55,151,50,49,40,41,80,58,77,53,1,1,1,1,1,1,1,1,6/7/2008
IIC2283,Diseño y Análisis de Algoritmos,10,1,CRR2013,N776,Minor de Amplitud en Programación,No aplica,1,174/2016,Vs.01,201320,No aplica,Optativo Complementario,Elegir entre lista 1,58,2,56,60,1,59,56,0,56,32,0,32,0,0,0,0,0,0,206,3,203,0,13,0,19,0,27,0,28,0,1,0,1,0,1,0,1,8-Jun
IIC2233,Programación Avanzada,10,1,CRR2013,N207,Minor de Amplitud en Tecnología de Información,No aplica,1,195/2016,Vs.01,201420,No aplica,Mínimo,No aplica,1,1,0,3,0,3,10,6,4,39,4,35,0,0,0,0,0,0,53,11,42,53,117,110,137,143,160,223,288,2,2,2,3,3,3,4,3,6/7/2008
IIC2413,Bases de Datos,10,1,CRR2013,N207,Minor de Amplitud en Tecnología de Información,No aplica,1,195/2016,Vs.01,201420,No aplica,Mínimo,No aplica,1,0,1,3,0,3,10,2,8,39,1,38,0,0,0,0,0,0,53,3,50,57,58,72,66,93,78,110,116,1,1,1,1,1,1,1,1,6/7/2008
IIC2733,Modelos de Procesos,10,1,CRR2013,N207,Minor de Amplitud en Tecnología de Información,No aplica,1,195/2016,Vs.01,201420,No aplica,Mínimo,No aplica,1,0,1,3,1,2,10,2,8,39,4,35,0,0,0,0,0,0,53,7,46,27,17,22,0,31,18,40,39,1,1,1,0,1,1,1,1,6/7/2008
IIC2764,"Conocimiento, Cultura y Tecnología ",10,1,CRR2013,N207,Minor de Amplitud en Tecnología de Información,No aplica,1,195/2016,Vs.01,201420,No aplica,Mínimo,No aplica,1,0,1,3,0,3,10,0,10,39,0,39,0,0,0,0,0,0,53,0,53,0,43,0,34,0,49,0,86,0,1,0,1,0,1,0,1,8-Jun
IIC2713,Sistemas de Información,10,1,CRR2013,N207,Minor de Amplitud en Tecnología de Información,No aplica,1,195/2016,Vs.01,201420,No aplica,Mínimo,No aplica,1,1,0,3,3,0,10,7,3,39,14,25,0,0,0,0,0,0,53,25,28,80,90,115,171,191,206,180,190,2,1,2,2,3,3,2,2,6/7/2008
IIC2513,Tecnologías y Aplicaciones Web,10,1,CRR2013,N207,Minor de Amplitud en Tecnología de Información,No aplica,1,195/2016,Vs.01,201420,No aplica,Optativo Complementario,Elegir entre lista 1,1,0,1,3,0,3,10,0,10,39,0,39,0,0,0,0,0,0,53,0,53,27,26,35,22,47,38,67,65,1,1,1,1,1,1,1,1,6/7/2008
IIC2433,Minería de Datos,10,1,CRR2013,N207,Minor de Amplitud en Tecnología de Información,No aplica,1,195/2016,Vs.01,201420,No aplica,Optativo Complementario,Elegir entre lista 1,1,0,1,3,0,3,10,0,10,39,0,39,0,0,0,0,0,0,53,0,53,0,11,0,14,0,24,0,31,0,1,0,1,0,1,0,1,8-Jun
IIC2613,Inteligencia Artificial,10,1,CRR2013,N207,Minor de Amplitud en Tecnología de Información,No aplica,1,195/2016,Vs.01,201420,No aplica,Optativo Complementario,Elegir entre lista 1,1,0,1,3,0,3,10,0,10,39,0,39,0,0,0,0,0,0,53,0,53,0,27,0,66,0,95,50,73,0,1,0,1,0,1,1,1,6/7/2008
IIC2986,Investigacion o Proyecto ,10,1,CRR2013,N207,Minor de Amplitud en Tecnología de Información,No aplica,1,195/2016,Vs.01,201420,No aplica,Optativo Complementario,Elegir entre lista 1,1,0,1,3,0,3,10,0,10,39,0,39,0,0,0,0,0,0,53,0,53,2,1,5,4,0,1,0,2,2,1,2,4,0,1,0,1,8-Jun
IIC2115,Programación Como Herramienta para Ingeniería,10,1,CRR2013,N682,Minor de Amplitud en Sistemas de Transporte,No aplica,1,186/2016,Vs.01,201320,No aplica,Optativo,Elegir 20 entre lista 1,84,53,31,82,20,62,60,1,59,28,0,28,0,0,0,0,0,0,254,74,180,70,54,25,27,52,50,76,97,1,1,1,1,1,1,1,1,8-Jun
IIC2115,Programación Como Herramienta para Ingeniería,10,1,CRR2013,N682,Minor de Amplitud en Sistemas de Transporte,No aplica,1,186/2016,Vs.01,201320,No aplica,Optativo Complementario,Elegir entre lista 1,84,53,31,82,20,62,60,1,59,28,0,28,0,0,0,0,0,0,254,74,180,70,54,25,27,52,50,76,97,1,1,1,1,1,1,1,1,8-Jun
IIC2115,Programación Como Herramienta para Ingeniería,10,1,CRR2013,N730,Minor de Amplitud en Externalidades de Transporte,No aplica,1,187/2016,Vs.01,201320,No aplica,Optativo Complementario,Elegir entre lista 2,6,1,5,2,0,2,6,0,6,2,0,2,0,0,0,0,0,0,16,1,15,70,54,25,27,52,50,76,97,1,1,1,1,1,1,1,1,7
IIC2115,Programación Como Herramienta para Ingeniería,10,1,CRR2013,N201,Minor de Amplitud en Logística y Transporte de Carga,No aplica,1,188/2016,Vs.01,201320,No aplica,Optativo,Elegir 10 entre lista 1,12,9,3,36,4,32,33,0,33,18,0,18,0,0,0,0,0,0,99,13,86,70,54,25,27,52,50,76,97,1,1,1,1,1,1,1,1,7
IIC2115,Programación Como Herramienta para Ingeniería,10,1,CRR2013,N201,Minor de Amplitud en Logística y Transporte de Carga,No aplica,1,188/2016,Vs.01,201320,No aplica,Optativo Complementario,Elegir entre lista 1,12,9,3,36,4,32,33,0,33,18,0,18,0,0,0,0,0,0,99,13,86,70,54,25,27,52,50,76,97,1,1,1,1,1,1,1,1,7
IIC1253,Matemáticas Discretas,10,1,CRR2013,N205,Minor de Amplitud en Matemáticas Aplicadas,No aplica,1,192/2016,Vs.01,201320,No aplica,Optativo,Elegir 30 entre lista 1,3,2,1,6,3,3,6,1,5,5,1,4,0,0,0,0,0,0,20,7,13,95,79,118,79,133,110,150,192,1,1,1,1,1,1,1,2,6/7/2008
IIC1253,Matemáticas Discretas,10,1,CRR2013,N206,Minor de Amplitud en Ingeniería Matemática,No aplica,1,194/2016,Vs.01,201420,No aplica,Mínimo,No aplica,3,2,1,0,0,0,3,2,1,2,2,0,0,0,0,0,0,0,8,6,2,95,79,118,79,133,110,150,192,1,1,1,1,1,1,1,2,6/7/2008
IIC2233,Programación Avanzada,10,1,CRR2013,N206,Minor de Amplitud en Ingeniería Matemática,No aplica,1,194/2016,Vs.01,201420,No aplica,Optativo Complementario,Elegir entre lista 1,3,0,3,0,0,0,3,0,3,2,1,1,0,0,0,0,0,0,8,1,7,53,117,110,137,143,160,223,288,2,2,2,3,3,3,4,3,6/7/2008
IIC1103,Introducción a la Programación,10,1,CRR2013,PC,Plan Común de Licenciatura,No aplica,0,0,0,0,No aplica,Mínimo,No aplica,,,,,,,,,,,,,,,,,,,,,,404,656,471,781,413,736,370,875,6,9,6,10,6,9,5,7,
IIC1253,Matemáticas Discretas,10,1,CRR2013,PC,Plan Común de Licenciatura,No aplica,0,0,0,0,No aplica,Optativo de Fundamentos de Ciencias o Ingeniería,No aplica,,,,,,,,,,,,,,,,,,,,,,95,79,118,79,133,110,150,192,1,1,1,1,1,1,1,2,
IIC2233,Programación Avanzada,10,1,CRR2013,PC,Plan Común de Licenciatura,No aplica,0,0,0,0,No aplica,Optativo de Fundamentos de Ciencias o Ingeniería,No aplica,,,,,,,,,,,,,,,,,,,,,,53,117,110,137,143,160,223,288,2,2,2,3,3,3,4,3,
IIC1005,Computación: Ciencia y Tecnología del Mundo Digital,10,1,CRR2013,BG,Base General de Major,No aplica,0,0,0,0,No aplica,Optativo Exploratorio,No aplica,,,,,,,,,,,,,,,,,,,,,,31,19,49,35,77,36,100,90,1,1,1,1,1,1,1,1,
IIC2115,Programación Como Herramienta para Ingeniería,10,2,CRR2013,40092,"Ingeniero Civil de Industrias, Diploma Ingeniería de Transporte",Título - Área Ciencias de la Computación,0,0,Vs.01,0,No aplica,Mínimo Especialidad,Elegir 10 entre Lista 2,38,29,9,2,0,2,0,0,0,0,0,0,0,0,0,0,0,0,40,29,11,70,54,25,27,52,50,76,97,1,1,1,1,1,1,1,1,
IIC2233,Programación Avanzada,10,2,CRR2013,40092,"Ingeniero Civil de Industrias, Diploma Ingeniería de Transporte",Título - Área Ciencias de la Computación,0,0,Vs.01,0,No aplica,Mínimo Especialidad,Elegir 10 entre Lista 2,38,5,33,2,0,2,0,0,0,0,0,0,0,0,0,0,0,0,40,5,35,53,117,110,137,143,160,223,288,2,2,2,3,3,3,4,3,
IIC2714,Fundamentos de Procesamiento de Imágenes,10,2,CRR2013,40062,"Ingeniero Civil de Industrias, Diploma Ingeniería Eléctrica",Título - Área Automática y Robótica,0,0,Vs.01,0,No aplica,"Optativo Especialidad, Optativo de especialización","(Optativo entre IEE2714 y IIC2714), Elegir 40 de una de las áreas de las Lista coherentes entre Lista 6",6,0,6,3,0,3,1,0,1,0,0,0,0,0,0,0,0,0,10,0,10,12,7,3,6,3,7,13,12,1,1,1,1,1,1,1,1,
IIC3724,Reconocimiento de Patrones,10,2,CRR2013,40062,"Ingeniero Civil de Industrias, Diploma Ingeniería Eléctrica",Título - Área Automática y Robótica,0,0,Vs.01,0,No aplica,"Optativo Especialidad, Optativo de especialización","(Optativo entre IEE3724 y IIC3724), Elegir 40 de una de las áreas de las Lista coherentes entre Lista 6",6,0,6,3,0,3,1,0,1,0,0,0,0,0,0,0,0,0,10,0,10,16,0,27,0,25,0,45,0,1,0,1,0,1,0,1,0,
IIC3794,Recostrucción y Restauración de Imágenes,10,2,CRR2013,40062,"Ingeniero Civil de Industrias, Diploma Ingeniería Eléctrica",Título - Área Automática y Robótica,0,0,Vs.01,0,No aplica,"Optativo Especialidad, Optativo de especialización","(Optativo entre IEE3794 y IIC3794), Elegir 40 de una de las áreas de las Lista coherentes entre Lista 6",6,0,6,3,0,3,1,0,1,0,0,0,0,0,0,0,0,0,10,0,10,0,0,0,0,1,0,0,0,0,0,0,0,1,0,0,0,
IIC2685,Robótica Móvil ,10,2,CRR2013,40062,"Ingeniero Civil de Industrias, Diploma Ingeniería Eléctrica",Título - Área Automática y Robótica,0,0,Vs.01,0,No aplica,"Optativo Especialidad, Optativo de especialización",Elegir 40 de una de las áreas de las Lista coherentes entre Lista 6,6,0,6,3,0,3,1,0,1,0,0,0,0,0,0,0,0,0,10,0,10,0,0,12,0,13,0,7,0,0,0,1,0,1,0,1,0,
IIC2714,Fundamentos de Procesamiento de Imágenes,10,2,CRR2013,40062,"Ingeniero Civil de Industrias, Diploma Ingeniería Eléctrica",Título - Área Procesamiento de Señales,0,0,Vs.01,0,No aplica,"Optativo Especialidad, Optativo de especialización","(Optativo entre IEE2714 y IIC2714), Elegir 40 de una de las áreas de las Lista coherentes entre Lista 6",6,0,6,3,0,3,1,0,1,0,0,0,0,0,0,0,0,0,10,0,10,12,7,3,6,3,7,13,12,1,1,1,1,1,1,1,1,
IIC3724,Reconocimiento de Patrones,10,2,CRR2013,40062,"Ingeniero Civil de Industrias, Diploma Ingeniería Eléctrica",Título - Área Procesamiento de Señales,0,0,Vs.01,0,No aplica,"Optativo Especialidad, Optativo de especialización","(Optativo entre IEE3724 y IIC3724), Elegir 40 de una de las áreas de las Lista coherentes entre Lista 6",6,0,6,3,0,3,1,0,1,0,0,0,0,0,0,0,0,0,10,0,10,16,0,27,0,25,0,45,0,1,0,1,0,1,0,1,0,
IIC2714,Fundamentos de Procesamiento de Imágenes,10,2,CRR2013,40062,"Ingeniero Civil de Industrias, Diploma Ingeniería Eléctrica",Título - Área Instrumentación Astronómica,0,0,Vs.01,0,No aplica,"Optativo Especialidad, Optativo de especialización","(Optativo entre IEE2714 y IIC2714), Elegir 40 de una de las áreas de las Lista coherentes entre Lista 6",6,0,6,3,0,3,1,0,1,0,0,0,0,0,0,0,0,0,10,0,10,12,7,3,6,3,7,13,12,1,1,1,1,1,1,1,1,
IIC1253,Matemáticas Discretas,10,2,CRR2013,40094,"Ingeniero Civil de Industrias, Diploma Ingeniería Matemática",No aplica,0,0,Vs.01,0,No aplica,Mínimo Especialidad,No aplica,1,1,0,2,0,2,0,0,0,0,0,0,0,0,0,0,0,0,3,1,2,95,79,118,79,133,110,150,192,1,1,1,1,1,1,1,2,
IIC1253,Matemáticas Discretas,10,2,CRR2013,40082,"Ingeniero Civil de Industrias, Diploma Ingeniería de Computación",No aplica,0,0,Vs.01,0,No aplica,Mínimo Fundamentos de Ingeniería,No aplica,8,8,0,0,0,0,0,0,0,0,0,0,0,0,0,0,0,0,8,8,0,95,79,118,79,133,110,150,192,1,1,1,1,1,1,1,2,
IIC2233,Programación Avanzada,10,2,CRR2013,40082,"Ingeniero Civil de Industrias, Diploma Ingeniería de Computación",No aplica,0,0,Vs.01,0,No aplica,Mínimo Especialidad,No aplica,8,8,0,0,0,0,0,0,0,0,0,0,0,0,0,0,0,0,8,8,0,53,117,110,137,143,160,223,288,2,2,2,3,3,3,4,3,
IIC2133,Estructuras de Datos y Algoritmos,10,2,CRR2013,40082,"Ingeniero Civil de Industrias, Diploma Ingeniería de Computación",No aplica,0,0,Vs.01,0,No aplica,Mínimo Especialidad,No aplica,8,8,0,0,0,0,0,0,0,0,0,0,0,0,0,0,0,0,8,8,0,38,32,42,84,80,75,95,125,1,1,1,1,1,1,1,1,
IIC2143,Ingeniería de Software,10,2,CRR2013,40082,"Ingeniero Civil de Industrias, Diploma Ingeniería de Computación",No aplica,0,0,Vs.01,0,No aplica,Mínimo Especialidad,No aplica,8,8,0,0,0,0,0,0,0,0,0,0,0,0,0,0,0,0,8,8,0,32,48,49,58,74,97,112,131,1,1,1,1,1,1,2,2,
IIC2343,Arquitectura de Computadores,10,2,CRR2013,40082,"Ingeniero Civil de Industrias, Diploma Ingeniería de Computación",No aplica,0,0,Vs.01,0,No aplica,Mínimo Especialidad,No aplica,8,8,0,0,0,0,0,0,0,0,0,0,0,0,0,0,0,0,8,8,0,59,50,64,75,104,86,57,100,1,1,1,1,1,1,1,1,
IIC2333,Sistemas Operativos y Redes,10,2,CRR2013,40082,"Ingeniero Civil de Industrias, Diploma Ingeniería de Computación",No aplica,0,0,Vs.01,0,No aplica,Mínimo Especialidad,No aplica,8,8,0,0,0,0,0,0,0,0,0,0,0,0,0,0,0,0,8,8,0,50,49,40,41,80,58,77,53,1,1,1,1,1,1,1,1,
IIC2413,Bases de Datos,10,2,CRR2013,40082,"Ingeniero Civil de Industrias, Diploma Ingeniería de Computación",No aplica,0,0,Vs.01,0,No aplica,Mínimo Especialidad,No aplica,8,8,0,0,0,0,0,0,0,0,0,0,0,0,0,0,0,0,8,8,0,57,58,72,66,93,78,110,116,1,1,1,1,1,1,1,1,
IIC2713,Sistemas de Información,10,2,CRR2013,40082,"Ingeniero Civil de Industrias, Diploma Ingeniería de Computación",No aplica,0,0,Vs.01,0,No aplica,Mínimo Especialidad,No aplica,8,8,0,0,0,0,0,0,0,0,0,0,0,0,0,0,0,0,8,8,0,80,90,115,171,191,206,180,190,2,1,2,2,3,3,2,2,
IIC2173,Arquitectura de Sistemas de Software,10,2,CRR2013,40082,"Ingeniero Civil de Industrias, Diploma Ingeniería de Computación",No aplica,0,0,Vs.01,0,No aplica,Mínimo Especialidad,No aplica,8,8,0,0,0,0,0,0,0,0,0,0,0,0,0,0,0,0,8,8,0,0,21,0,21,0,27,0,60,0,1,0,1,0,1,0,1,
IIC2113,Diseño Detallado de Software,10,2,CRR2013,40082,"Ingeniero Civil de Industrias, Diploma Ingeniería de Computación",No aplica,0,0,Vs.01,0,No aplica,Mínimo Especialidad,No aplica,8,8,0,0,0,0,0,0,0,0,0,0,0,0,0,0,0,0,8,8,0,0,26,0,20,0,27,0,71,0,1,0,1,0,1,0,1,
IIC3113,Gestión de Proyectos de Tecnologías de Información,10,2,CRR2013,40082,"Ingeniero Civil de Industrias, Diploma Ingeniería de Computación",No aplica,0,0,Vs.01,0,No aplica,Mínimo Especialidad,No aplica,8,8,0,0,0,0,0,0,0,0,0,0,0,0,0,0,0,0,8,8,0,34,27,41,51,45,28,50,61,1,1,1,1,1,1,1,1,
IIC2154,Proyecto de Especialidad ,10,2,CRR2013,40082,"Ingeniero Civil de Industrias, Diploma Ingeniería de Computación",No aplica,0,0,Vs.01,0,No aplica,Mínimo Especialidad,No aplica,8,8,0,0,0,0,0,0,0,0,0,0,0,0,0,0,0,0,8,8,0,19,27,45,49,52,43,65,55,1,1,1,1,1,1,1,1,
IIC3143,Desarrollo de Software,10,2,CRR2013,40082,"Ingeniero Civil de Industrias, Diploma Ingeniería de Computación",No aplica,0,0,Vs.01,0,No aplica,Mínimo Especialidad,No aplica,8,8,0,0,0,0,0,0,0,0,0,0,0,0,0,0,0,0,8,8,0,14,0,31,0,21,0,45,0,1,0,1,0,1,0,1,0,
IIC3745,Testing,10,2,CRR2013,40082,"Ingeniero Civil de Industrias, Diploma Ingeniería de Computación",No aplica,0,0,Vs.01,0,No aplica,Mínimo Especialidad,No aplica,8,7,1,0,0,0,0,0,0,0,0,0,0,0,0,0,0,0,8,7,1,0,18,0,29,0,28,0,54,0,1,0,1,0,1,0,1,
IIC2513,Tecnologías y Aplicaciones Web,10,2,CRR2013,40082,"Ingeniero Civil de Industrias, Diploma Ingeniería de Computación",No aplica,0,0,Vs.01,0,No aplica,Mínimo Especialidad,Elegir 10 entre Lista 2,8,8,0,0,0,0,0,0,0,0,0,0,0,0,0,0,0,0,8,8,0,27,26,35,22,47,38,67,65,1,1,1,1,1,1,1,1,
IIC3513,Tecnologías y Aplicaciones Web ,10,2,CRR2013,40082,"Ingeniero Civil de Industrias, Diploma Ingeniería de Computación",No aplica,0,0,Vs.01,0,No aplica,Mínimo Especialidad,Elegir 10 entre Lista 2,8,0,8,0,0,0,0,0,0,0,0,0,0,0,0,0,0,0,8,0,8,0,0,0,0,0,0,0,0,#N/A,#N/A,#N/A,#N/A,#N/A,#N/A,#N/A,#N/A,
IIC1253,Matemáticas Discretas,10,2,CRR2013,40095,"Ingeniero Civil de Industrias, Diploma Ingeniería en Tecnologías de Información",No aplica,0,0,Vs.01,0,No aplica,Mínimo Fundamentos de Ingeniería,No aplica,14,14,0,0,0,0,0,0,0,1,0,1,0,0,0,0,0,0,15,14,1,95,79,118,79,133,110,150,192,1,1,1,1,1,1,1,2,
IIC2233,Programación Avanzada,10,2,CRR2013,40095,"Ingeniero Civil de Industrias, Diploma Ingeniería en Tecnologías de Información",No aplica,0,0,Vs.01,0,No aplica,Mínimo Especialidad,No aplica,14,14,0,0,0,0,0,0,0,1,0,1,0,0,0,0,0,0,15,14,1,53,117,110,137,143,160,223,288,2,2,2,3,3,3,4,3,
IIC2133,Estructuras de Datos y Algoritmos,10,2,CRR2013,40095,"Ingeniero Civil de Industrias, Diploma Ingeniería en Tecnologías de Información",No aplica,0,0,Vs.01,0,No aplica,Mínimo Especialidad,No aplica,14,14,0,0,0,0,0,0,0,1,0,1,0,0,0,0,0,0,15,14,1,38,32,42,84,80,75,95,125,1,1,1,1,1,1,1,1,
IIC2143,Ingeniería de Software,10,2,CRR2013,40095,"Ingeniero Civil de Industrias, Diploma Ingeniería en Tecnologías de Información",No aplica,0,0,Vs.01,0,No aplica,Mínimo Especialidad,No aplica,14,14,0,0,0,0,0,0,0,1,0,1,0,0,0,0,0,0,15,14,1,32,48,49,58,74,97,112,131,1,1,1,1,1,1,2,2,
IIC2343,Arquitectura de Computadores,10,2,CRR2013,40095,"Ingeniero Civil de Industrias, Diploma Ingeniería en Tecnologías de Información",No aplica,0,0,Vs.01,0,No aplica,Mínimo Especialidad,No aplica,14,13,1,0,0,0,0,0,0,1,0,1,0,0,0,0,0,0,15,13,2,59,50,64,75,104,86,57,100,1,1,1,1,1,1,1,1,
IIC2333,Sistemas Operativos y Redes,10,2,CRR2013,40095,"Ingeniero Civil de Industrias, Diploma Ingeniería en Tecnologías de Información",No aplica,0,0,Vs.01,0,No aplica,Mínimo Especialidad,No aplica,14,14,0,0,0,0,0,0,0,1,0,1,0,0,0,0,0,0,15,14,1,50,49,40,41,80,58,77,53,1,1,1,1,1,1,1,1,
IIC2413,Bases de Datos,10,2,CRR2013,40095,"Ingeniero Civil de Industrias, Diploma Ingeniería en Tecnologías de Información",No aplica,0,0,Vs.01,0,No aplica,Mínimo Especialidad,No aplica,14,14,0,0,0,0,0,0,0,1,0,1,0,0,0,0,0,0,15,14,1,57,58,72,66,93,78,110,116,1,1,1,1,1,1,1,1,
IIC2713,Sistemas de Información,10,2,CRR2013,40095,"Ingeniero Civil de Industrias, Diploma Ingeniería en Tecnologías de Información",No aplica,0,0,Vs.01,0,No aplica,Mínimo Especialidad,No aplica,14,14,0,0,0,0,0,0,0,1,0,1,0,0,0,0,0,0,15,14,1,80,90,115,171,191,206,180,190,2,1,2,2,3,3,2,2,
IIC2733,Modelos de Procesos,10,2,CRR2013,40095,"Ingeniero Civil de Industrias, Diploma Ingeniería en Tecnologías de Información",No aplica,0,0,Vs.01,0,No aplica,Mínimo Especialidad,No aplica,14,13,1,0,0,0,0,0,0,1,0,1,0,0,0,0,0,0,15,13,2,27,17,22,0,31,18,40,39,1,1,1,0,1,1,1,1,
IIC2763,Adopción de Tecnologías de Información,10,2,CRR2013,40095,"Ingeniero Civil de Industrias, Diploma Ingeniería en Tecnologías de Información",No aplica,0,0,Vs.01,0,No aplica,Mínimo Especialidad,Elegir 10 entre Lista 2,14,0,14,0,0,0,0,0,0,1,0,1,0,0,0,0,0,0,15,0,15,0,0,0,0,0,0,0,0,#N/A,#N/A,#N/A,#N/A,#N/A,#N/A,#N/A,#N/A,
IIC2764,"Conocimiento, Cultura y Tecnología ",10,2,CRR2013,40095,"Ingeniero Civil de Industrias, Diploma Ingeniería en Tecnologías de Información",No aplica,0,0,Vs.01,0,No aplica,Mínimo Especialidad,Elegir 10 entre Lista 2,14,13,1,0,0,0,0,0,0,1,0,1,0,0,0,0,0,0,15,13,2,0,43,0,34,0,49,0,86,0,1,0,1,0,1,0,1,
IIC3113,Gestión de Proyectos de Tecnologías de Información,10,2,CRR2013,40095,"Ingeniero Civil de Industrias, Diploma Ingeniería en Tecnologías de Información",No aplica,0,0,Vs.01,0,No aplica,Mínimo Especialidad,No aplica,14,12,2,0,0,0,0,0,0,1,0,1,0,0,0,0,0,0,15,12,3,34,27,41,51,45,28,50,61,1,1,1,1,1,1,1,1,
IIC2154,Proyecto de Especialidad ,10,2,CRR2013,40095,"Ingeniero Civil de Industrias, Diploma Ingeniería en Tecnologías de Información",No aplica,0,0,Vs.01,0,No aplica,Mínimo Especialidad,No aplica,14,13,1,0,0,0,0,0,0,1,1,0,0,0,0,0,0,0,15,14,1,19,27,45,49,52,43,65,55,1,1,1,1,1,1,1,1,
IIC3743,Estrategias y Tecnologías de Información,10,2,CRR2013,40095,"Ingeniero Civil de Industrias, Diploma Ingeniería en Tecnologías de Información",No aplica,0,0,Vs.01,0,No aplica,Mínimo Especialidad,No aplica,14,13,1,0,0,0,0,0,0,1,1,0,0,0,0,0,0,0,15,14,1,0,34,0,49,0,37,0,50,0,1,0,1,0,1,0,1,
IIC3703,Gestión de Operaciones TI,10,2,CRR2013,40095,"Ingeniero Civil de Industrias, Diploma Ingeniería en Tecnologías de Información",No aplica,0,0,Vs.01,0,No aplica,Mínimo Especialidad,No aplica,14,12,2,0,0,0,0,0,0,1,0,1,0,0,0,0,0,0,15,12,3,36,0,44,0,32,0,32,0,1,0,1,0,1,0,1,0,
IIC3103,Taller de Integración,10,2,CRR2013,40095,"Ingeniero Civil de Industrias, Diploma Ingeniería en Tecnologías de Información",No aplica,0,0,Vs.01,0,No aplica,Mínimo Especialidad,No aplica,14,12,2,0,0,0,0,0,0,1,1,0,0,0,0,0,0,0,15,13,2,41,0,49,0,39,0,43,0,1,0,1,0,1,0,1,0,
IIC2714,Fundamentos de Procesamiento de Imágenes,10,2,CRR2013,40005,Ingeniero Civil Electricista,Título - Área Automática y Robótica,0,0,Vs.01,0,No aplica,"Optativo Especialidad, Optativo de especialización","(Optativo entre IEE2714 y IIC2714), Elegir 40 de una de las áreas de las lista coherentes entre Lista 7",6,0,6,0,0,0,0,0,0,0,0,0,0,0,0,0,0,0,6,0,6,12,7,3,6,3,7,13,12,1,1,1,1,1,1,1,1,
IIC3724,Reconocimiento de Patrones,10,2,CRR2013,40005,Ingeniero Civil Electricista,Título - Área Automática y Robótica,0,0,Vs.01,0,No aplica,"Optativo Especialidad, Optativo de especialización","(Optativo entre IEE3724 y IIC3724), Elegir 40 de una de las áreas de las lista coherentes entre Lista 7",6,0,6,0,0,0,0,0,0,0,0,0,0,0,0,0,0,0,6,0,6,16,0,27,0,25,0,45,0,1,0,1,0,1,0,1,0,
IIC3794,Recostrucción y Restauración de Imágenes,10,2,CRR2013,40005,Ingeniero Civil Electricista,Título - Área Automática y Robótica,0,0,Vs.01,0,No aplica,"Optativo Especialidad, Optativo de especialización","(Optativo entre IEE3794 y IIC3794), Elegir 40 de una de las áreas de las Lista coherentes entre Lista 7",6,0,6,0,0,0,0,0,0,0,0,0,0,0,0,0,0,0,6,0,6,0,0,0,0,1,0,0,0,0,0,0,0,1,0,0,0,
IIC2685,Robótica Móvil ,10,2,CRR2013,40005,Ingeniero Civil Electricista,Título - Área Automática y Robótica,0,0,Vs.01,0,No aplica,"Optativo Especialidad, Optativo de especialización",Elegir 40 de una de las áreas de las lista coherentes entre Lista 7,6,1,5,0,0,0,0,0,0,0,0,0,0,0,0,0,0,0,6,1,5,0,0,12,0,13,0,7,0,0,0,1,0,1,0,1,0,
IIC2714,Fundamentos de Procesamiento de Imágenes,10,2,CRR2013,40005,Ingeniero Civil Electricista,Título - Área Procesamiento de Señales,0,0,Vs.01,0,No aplica,"Optativo Especialidad, Optativo de especialización","(Optativo entre IEE2714 y IIC2714), Elegir 40 de una de las áreas de las lista coherentes entre Lista 7",6,0,6,0,0,0,0,0,0,0,0,0,0,0,0,0,0,0,6,0,6,12,7,3,6,3,7,13,12,1,1,1,1,1,1,1,1,
IIC3724,Reconocimiento de Patrones,10,2,CRR2013,40005,Ingeniero Civil Electricista,Título - Área Procesamiento de Señales,0,0,Vs.01,0,No aplica,"Optativo Especialidad, Optativo de especialización","(Optativo entre IEE3724 y IIC3724), Elegir 40 de una de las áreas de las lista coherentes entre Lista 7",6,0,6,0,0,0,0,0,0,0,0,0,0,0,0,0,0,0,6,0,6,16,0,27,0,25,0,45,0,1,0,1,0,1,0,1,0,
IIC2714,Fundamentos de Procesamiento de Imágenes,10,2,CRR2013,40005,Ingeniero Civil Electricista,Título - Área Instrumentación Astronómica,0,0,Vs.01,0,No aplica,"Optativo Especialidad, Optativo de especialización","(Optativo entre IEE2714 y IIC2714), Elegir 40 de una de las áreas de las lista coherentes entre Lista 7",6,0,6,0,0,0,0,0,0,0,0,0,0,0,0,0,0,0,6,0,6,12,7,3,6,3,7,13,12,1,1,1,1,1,1,1,1,
IIC1253,Matemáticas Discretas,10,2,CRR2013,40007,Ingeniero Civil de Computación,No aplica,0,0,Vs.01,0,No aplica,Mínimo Fundamentos de Ingeniería,No aplica,1,1,0,0,0,0,1,0,1,0,0,0,0,0,0,0,0,0,2,1,1,95,79,118,79,133,110,150,192,1,1,1,1,1,1,1,2,
IIC2133,Estructuras de Datos y Algoritmos,10,2,CRR2013,40007,Ingeniero Civil de Computación,No aplica,0,0,Vs.01,0,No aplica,Mínimo Especialidad,No aplica,1,1,0,0,0,0,1,1,0,0,0,0,0,0,0,0,0,0,2,2,0,38,32,42,84,80,75,95,125,1,1,1,1,1,1,1,1,
IIC2143,Ingeniería de Software,10,2,CRR2013,40007,Ingeniero Civil de Computación,No aplica,0,0,Vs.01,0,No aplica,Mínimo Especialidad,No aplica,1,1,0,0,0,0,1,1,0,0,0,0,0,0,0,0,0,0,2,2,0,32,48,49,58,74,97,112,131,1,1,1,1,1,1,2,2,
IIC2154,Proyecto de Especialidad ,10,2,CRR2013,40007,Ingeniero Civil de Computación,No aplica,0,0,Vs.01,0,No aplica,Mínimo Especialidad,No aplica,1,1,0,0,0,0,1,0,1,0,0,0,0,0,0,0,0,0,2,1,1,19,27,45,49,52,43,65,55,1,1,1,1,1,1,1,1,
IIC2213,Lógica para Ciencias de la Computación,10,2,CRR2013,40007,Ingeniero Civil de Computación,No aplica,0,0,Vs.01,0,No aplica,Mínimo Especialidad,No aplica,1,1,0,0,0,0,1,0,1,0,0,0,0,0,0,0,0,0,2,1,1,14,6,15,0,28,8,30,0,1,1,1,0,1,1,1,0,
IIC2223,Teoría de Autómatas y Lenguajes Formales,10,2,CRR2013,40007,Ingeniero Civil de Computación,No aplica,0,0,Vs.01,0,No aplica,Mínimo Especialidad,No aplica,1,1,0,0,0,0,1,0,1,0,0,0,0,0,0,0,0,0,2,1,1,0,15,0,20,0,24,0,46,0,1,0,1,0,1,0,1,
IIC2233,Programación Avanzada,10,2,CRR2013,40007,Ingeniero Civil de Computación,No aplica,0,0,Vs.01,0,No aplica,Mínimo Especialidad,No aplica,1,1,0,0,0,0,1,0,1,0,0,0,0,0,0,0,0,0,2,1,1,53,117,110,137,143,160,223,288,2,2,2,3,3,3,4,3,
IIC2283,Diseño y Análisis de Algoritmos,10,2,CRR2013,40007,Ingeniero Civil de Computación,No aplica,0,0,Vs.01,0,No aplica,Mínimo Especialidad,No aplica,1,1,0,0,0,0,1,0,1,0,0,0,0,0,0,0,0,0,2,1,1,0,13,0,19,0,27,0,28,0,1,0,1,0,1,0,1,
IIC2333,Sistemas Operativos y Redes,10,2,CRR2013,40007,Ingeniero Civil de Computación,No aplica,0,0,Vs.01,0,No aplica,Mínimo Especialidad,No aplica,1,1,0,0,0,0,1,0,1,0,0,0,0,0,0,0,0,0,2,1,1,50,49,40,41,80,58,77,53,1,1,1,1,1,1,1,1,
IIC2343,Arquitectura de Computadores,10,2,CRR2013,40007,Ingeniero Civil de Computación,No aplica,0,0,Vs.01,0,No aplica,Mínimo Especialidad,No aplica,1,1,0,0,0,0,1,0,1,0,0,0,0,0,0,0,0,0,2,1,1,59,50,64,75,104,86,57,100,1,1,1,1,1,1,1,1,
IIC2413,Bases de Datos,10,2,CRR2013,40007,Ingeniero Civil de Computación,No aplica,0,0,Vs.01,0,No aplica,Mínimo Especialidad,No aplica,1,1,0,0,0,0,1,1,0,0,0,0,0,0,0,0,0,0,2,2,0,57,58,72,66,93,78,110,116,1,1,1,1,1,1,1,1,
IIC2513,Tecnologías y Aplicaciones Web,10,2,CRR2013,40007,Ingeniero Civil de Computación,No aplica,0,0,Vs.01,0,No aplica,Mínimo Especialidad,Elegir 10 entre Lista 2,1,1,0,0,0,0,1,1,0,0,0,0,0,0,0,0,0,0,2,2,0,27,26,35,22,47,38,67,65,1,1,1,1,1,1,1,1,
IIC3513,Tecnologías y Aplicaciones Web ,10,2,CRR2013,40007,Ingeniero Civil de Computación,No aplica,0,0,Vs.01,0,No aplica,Mínimo Especialidad,Elegir 10 entre Lista 2,1,0,1,0,0,0,1,0,1,0,0,0,0,0,0,0,0,0,2,0,2,0,0,0,0,0,0,0,0,#N/A,#N/A,#N/A,#N/A,#N/A,#N/A,#N/A,#N/A,
IIC3582,Tecnología y Aplicaciones del Www ,10,2,CRR2013,40007,Ingeniero Civil de Computación,No aplica,0,0,Vs.01,0,No aplica,Mínimo Especialidad,Elegir 10 entre Lista 2,1,0,1,0,0,0,1,0,1,0,0,0,0,0,0,0,0,0,2,0,2,0,0,0,0,0,0,0,0,#N/A,#N/A,#N/A,#N/A,#N/A,#N/A,#N/A,#N/A,
IIC2523,Sistemas Distribuidos,10,2,CRR2013,40007,Ingeniero Civil de Computación,No aplica,0,0,Vs.01,0,No aplica,Mínimo Especialidad,No aplica,1,1,0,0,0,0,1,0,1,0,0,0,0,0,0,0,0,0,2,1,1,0,12,0,21,0,26,0,32,0,1,0,1,0,1,0,1,
IIC2613,Inteligencia Artificial,10,2,CRR2013,40007,Ingeniero Civil de Computación,No aplica,0,0,Vs.01,0,No aplica,Mínimo Especialidad,No aplica,1,1,0,0,0,0,1,1,0,0,0,0,0,0,0,0,0,0,2,2,0,0,27,0,66,0,95,50,73,0,1,0,1,0,1,1,1,
IIC2713,Sistemas de Información,10,2,CRR2013,40007,Ingeniero Civil de Computación,No aplica,0,0,Vs.01,0,No aplica,Mínimo Especialidad,No aplica,1,1,0,0,0,0,1,0,1,0,0,0,0,0,0,0,0,0,2,1,1,80,90,115,171,191,206,180,190,2,1,2,2,3,3,2,2,
IIC3113,Gestión de Proyectos de Tecnologías de Información,10,2,CRR2013,40007,Ingeniero Civil de Computación,No aplica,0,0,Vs.01,0,No aplica,Mínimo Especialidad,No aplica,1,1,0,0,0,0,1,0,1,0,0,0,0,0,0,0,0,0,2,1,1,34,27,41,51,45,28,50,61,1,1,1,1,1,1,1,1,
IIC3253,Criptografía y Seguridad Computacional,10,2,CRR2013,40007,Ingeniero Civil de Computación,No aplica,0,0,Vs.01,0,No aplica,Mínimo Especialidad,No aplica,1,1,0,0,0,0,1,1,0,0,0,0,0,0,0,0,0,0,2,2,0,19,0,16,0,16,0,32,0,1,0,1,0,1,0,1,0,
IIC3724,Reconocimiento de Patrones,10,2,CRR2013,40007,Ingeniero Civil de Computación,No aplica,0,0,Vs.01,0,No aplica,Mínimo Especialidad,No aplica,1,1,0,0,0,0,1,0,1,0,0,0,0,0,0,0,0,0,2,1,1,16,0,27,0,25,0,45,0,1,0,1,0,1,0,1,0,
IICXXXX,"Elegir 50 entre entre cualquier curso IIC nivel 2000 o nivel 3000 con excepción de: IIC3000, IIC2972, IIC2981, IIC298X, IIC2993",#N/A,2,CRR2013,40007,Ingeniero Civil de Computación,No aplica,0,0,Vs.01,0,No aplica,Optativo Especialidad,Elegir 50 entre Lista 2,1,0,1,0,0,0,1,0,1,0,0,0,0,0,0,0,0,0,2,0,2,0,0,0,0,0,0,0,0,#N/A,#N/A,#N/A,#N/A,#N/A,#N/A,#N/A,#N/A,
